url,label,topic,confidence,notes
https://en.wikipedia.org/w/index.php?title=Special:UrlShortener&url=https%3A%2F%2Fen.wikipedia.org%2Fw%2Findex.php%3Ftitle%3DSpecial%3AQrCode%26url%3Dhttps%253A%252F%252Fen.wikipedia.org%252Fwiki%252FSpecial%253ASearch,,,,
https://donate.wikimedia.org/wiki/Special:AllPages,,,,
https://en.wikipedia.org/wiki/Special:Random#Global_Ocean_Biodiversity_Initiative,,,,
https://en.wikipedia.org/wiki/Carbon_footprint#Types_of_greenhouse_gas_emissions,,climate_science,,
https://as.wikipedia.org/wiki/%E0%A7%B1%E0%A6%BF%E0%A6%95%E0%A6%BF%E0%A6%AA%E0%A6%BF%E0%A6%A1%E0%A6%BF%E0%A6%AF%E0%A6%BC%E0%A6%BE:%E0%A6%87%E0%A6%A4%E0%A6%BF%E0%A6%AC%E0%A7%83%E0%A6%A4%E0%A7%8D%E0%A6%A4,,,,
https://ang.wikipedia.org/wiki/Wikip%C7%A3dia:Geong_gelimp,,,,
https://sn.wikipedia.org/wiki/Wikipedia:File_Upload_Wizard,,,,
https://donate.wikimedia.org/w/index.php?title=Special:RecentChanges&from=20260203211613&fromFormatted=21%3A16%2C+3+February+2026,,,,
https://en.wikipedia.org/w/index.php?title=Special:UserLogin&returnto=Golden+Jubilee+of+Elizabeth+II,,,,
https://ady.wikipedia.org/w/index.php?title=Special:UserLogin&returnto=%D0%92%D0%B8%D0%BA%D0%B8%D0%BF%D0%B5%D0%B4%D0%B8%D0%B5%3A%D0%9B%D1%8A%D1%8D%D0%BF%D0%BA%D1%8A%D1%8D%D0%B3%D1%8A%D1%83+%D3%80%D1%83%D1%85%D1%8C%D0%B0%D0%BF%D3%80,,,,
https://bh.wikipedia.org/wiki/%E0%A4%AE%E0%A5%81%E0%A4%96%E0%A5%8D%E0%A4%AF_%E0%A4%AA%E0%A4%A8%E0%A5%8D%E0%A4%A8%E0%A4%BE,,,,
https://zh-min-nan.wikipedia.org/wiki/Th%C3%A2u-ia%CC%8Dh,,,,
https://frp.wikipedia.org/wiki/Vouiquip%C3%A8dia:Re%C3%A7ua_ux_nov%C3%A9ls_vegnus,,,,
https://en.wikipedia.org/w/index.php?title=Special:UserLogin&returnto=Special%3AUrlShortener&returntoquery=url%3Dhttps%253A%252F%252Fen.wikipedia.org%252Fwiki%252FSpecial%253ARecentChanges,,,,
https://en.wikipedia.org/wiki/Talk:Main_Page#Tomorrow's_FA,,,,
https://am.wikipedia.org/wiki/%E1%8A%A5%E1%88%AD%E1%8B%B3%E1%89%B3:%E1%8B%AD%E1%8B%9E%E1%89%B3#bodyContent,,,,
https://en.wikipedia.org/wiki/Special:QrCode?url=https%3A%2F%2Fauth.wikimedia.org%2Fenwiki%2Fw%2Findex.php%3Ftitle%3DSpecial%3ACreateAccount%26centralauthLoginToken%3D8cff99cd672de034d64e7f0ed1c26779%26returnto%3DDeep%2Blearning%26useformat%3Ddesktop%26usesul3%3D1,,,,
https://donate.wikimedia.org/wiki/Special:QrCode,,,,
https://auth.wikimedia.org/enwiki/w/index.php?title=Special:CreateAccount&campaign=loginCTA,,,,
https://en.wikipedia.org/wiki/Special:QrCode?url=https%3A%2F%2Fauth.wikimedia.org%2Fenwiki%2Fw%2Findex.php%3Ftitle%3DSpecial%3ACreateAccount%26centralauthLoginToken%3Dcf6c8fea56b72701c3f3dd4ce7c53e2b%26returnto%3DBlockchain%26useformat%3Ddesktop%26usesul3%3D1,,blockchain,,
https://en.wikipedia.org/wiki/Climate_change#Global_temperature_rise,,climate_science,,
https://arz.wikipedia.org/wiki/%D9%88%D9%8A%D9%83%D9%8A%D8%A8%D9%8A%D8%AF%D9%8A%D8%A7:%D8%B5%D8%A7%D9%84%D9%88%D9%86_%D8%A7%D9%84%D9%85%D9%86%D8%A7%D9%82%D8%B4%D9%87,,,,
https://donate.wikimedia.org/wiki/Redirect_test?redirect=no,,,,
https://ang.wikipedia.org/wiki/Wikip%C7%A3dia:Geong_gelimp#bodyContent,,,,
https://ca.wikipedia.org/wiki/Xarxa_neuronal#Visió_general,,,,
https://de.wikipedia.org/wiki/Distributed-Ledger-Technologie,,,,
https://en.wikipedia.org/wiki/MediaWiki_talk:Recentchangestext#bodyContent,,,,
https://en.wikipedia.org/wiki/Proof_of_work#List_of_proof-of-work_functions,,blockchain,,
https://donate.wikimedia.org/w/index.php?title=Template_talk:Infobox/Default/en&action=edit&redlink=1,,,,
https://en.wikipedia.org/wiki/Wikipedia:Community_portal#bodyContent,,,,
https://az.wikipedia.org/wiki/X%C3%BCsusi:Axtar,,,,
https://en.wikipedia.org/wiki/MediaWiki_talk:Recentchangestext#alvin_kageliza_rueywa,,,,
https://ang.wikipedia.org/wiki/Wikip%C7%A3dia:Inl%C7%A3dung,,,,
https://en.wikipedia.org/w/index.php?title=Special:QrCode&url=https%3A%2F%2Fen.wikipedia.org%2Fw%2Findex.php%3Ftitle%3DSpecial%3AQrCode%26url%3Dhttps%253A%252F%252Fauth.wikimedia.org%252Fenwiki%252Fw%252Findex.php%253Ftitle%253DSpecial%253ACreateAccount%2526centralauthLoginToken%253D63da01131642c31a78092157d9bf8ce4%2526returnto%253DArtificial%252Bintelligence%2526useformat%253Ddesktop%2526usesul3%253D1,,,,
https://en.wikipedia.org/enwiki/w/index.php?title=Special:UserLogin&returnto=Proof+of+work&centralauthLoginToken=a1bacb248ba6f7631a5067fb4c38c1c6&usesul3=1&useformat=desktop,,,,
https://en.wikipedia.org/w/index.php?title=Special:CreateAccount&returnto=Special%3ASpecialPages,,,,
https://ca.wikipedia.org/wiki/Registre_distribu%C3%AFt#Referències,,,,
https://donate.wikimedia.org/?wmf_source=donate&wmf_medium=sidebar&wmf_campaign=azb.wikipedia.org&uselang=azb,,,,
https://donate.wikimedia.org/w/index.php?title=Special:UserLogin&returnto=Special%3ALandingPage,,,,
https://donate.wikimedia.org/w/index.php?title=Special:UserLogin&returnto=Special%3ALandingPage&returntoquery=country%3DIN%26uselang%3Den%26wmf_campaign%3Den.wikipedia.org%26wmf_medium%3Dsidebar%26wmf_source%3Ddonate&uselang=nl,,,,
https://en.wikipedia.org/wiki/Special:Random#Ecotourism,,,,
https://alt.wikipedia.org/wiki/%D0%90%D2%A5%D1%8B%D0%BB%D1%83:%D0%9F%D0%BE%D0%B8%D1%81%D0%BA,,,,
https://be.wikipedia.org/wiki/%D0%92%D1%96%D0%BA%D1%96%D0%BF%D0%B5%D0%B4%D1%8B%D1%8F:%D0%A4%D0%BE%D1%80%D1%83%D0%BC,,,,
https://af.wikipedia.org/wiki/Spesiaal:Onlangse_wysigings,,,,
https://en.wikipedia.org/wiki/Deep_learning,,machine_learning,,
https://an.wikipedia.org/w/index.php?title=Especial:Encetar_sesi%C3%B3n&returnto=Wikipedia%3AAduya,,,,
https://en.wikipedia.org/wiki/Special:Random#Das_Supertalent,,,,
https://zh-min-nan.wikipedia.org/w/index.php?title=Tek-pia%CC%8Dt:%E9%96%8B%E8%B3%AC%E6%88%B6&returnto=Portal%3ASin-b%C3%BBn+s%C5%AB-ki%C4%81%E2%81%BF,,,,
https://en.wikipedia.org/wiki/Special:SpecialPages#bodyContent,,,,
https://en.wikipedia.org/wiki/Supervised_learning#Function_complexity_and_amount_of_training_data,,machine_learning,,
https://an.wikipedia.org/wiki/Wikipedia:Sobre#bodyContent,,,,
https://roa-rup.wikipedia.org/wiki/Wikipedia:Community_portal#Adminship_request,,,,
https://ar.wikipedia.org/wiki/%D9%88%D9%8A%D9%83%D9%8A%D8%A8%D9%8A%D8%AF%D9%8A%D8%A7:%D8%A7%D8%AA%D8%B5%D9%84_%D8%A8%D9%86%D8%A7#bodyContent,,,,
https://ang.wikipedia.org/wiki/Help:Inno%C3%BE#Standard_practice,,,,
https://en.wikipedia.org/w/index.php?title=Special:QrCode&url=https%3A%2F%2Fen.wikipedia.org%2Fw%2Findex.php%3Ftitle%3DSpecial%3ASearch%26fulltext%3D1%26profile%3Dall%26search%3D,,,,
https://en.wikipedia.org/wiki/Special:UrlShortener?url=https%3A%2F%2Fauth.wikimedia.org%2Fenwiki%2Fw%2Findex.php%3Ftitle%3DSpecial%3ACreateAccount%26centralauthLoginToken%3D63da01131642c31a78092157d9bf8ce4%26returnto%3DArtificial%2Bintelligence%26useformat%3Ddesktop%26usesul3%3D1,,,,
https://sn.wikipedia.org/wiki/Special:Search,,,,
https://en.wikipedia.org/enwiki/w/index.php?title=Special:CreateAccount&returnto=Supervised+learning&centralauthLoginToken=a867563c9674f145fde7522765346cd3&usesul3=1&useformat=desktop&campaign=loginCTA,,,,
https://donate.wikimedia.org/wiki/Special:FundraiserRedirector,,,,
https://af.wikipedia.org/w/index.php?title=Spesiaal:Teken_in&returnto=Wikipedia%3AOmtrent,,,,
https://www.wikidata.org/wiki/Special:SpecialPages,,,,
https://as.wikipedia.org/wiki/%E0%A7%B1%E0%A6%BF%E0%A6%95%E0%A6%BF%E0%A6%AA%E0%A6%BF%E0%A6%A1%E0%A6%BF%E0%A6%AF%E0%A6%BC%E0%A6%BE:%E0%A6%87%E0%A6%A4%E0%A6%BF%E0%A6%AC%E0%A7%83%E0%A6%A4%E0%A7%8D%E0%A6%A4#বাহ্যিক_সংযোগ,,,,
https://donate.wikimedia.org/w/index.php?country=IN&title=Special:LandingPage&uselang=en&wmf_campaign=en.wikipedia.org&wmf_medium=sidebar&wmf_source=donate,,,,
https://map-bms.wikipedia.org/wiki/Kaca_Utama,,,,
https://af.wikipedia.org/w/index.php?title=Spesiaal:Teken_in&returnto=Wikipedia%3AGebruikersportaal,,,,
https://en.wikipedia.org/wiki/Global_warming#bodyContent,,climate_science,,
https://wikimediafoundation.org/give/,,,,
https://en.wikipedia.org/wiki/Special:QrCode?url=https%3A%2F%2Fauth.wikimedia.org%2Fenwiki%2Fw%2Findex.php%3Ftitle%3DSpecial%3AUserLogin%26centralauthLoginToken%3D4e99d3fcf08b7607ae854a429ebdf0e3%26returnto%3DBitcoin%26useformat%3Ddesktop%26usesul3%3D1,,blockchain,,
https://en.wikipedia.org/enwiki/w/index.php?title=Special:CreateAccount&returnto=Decentralized+finance&centralauthLoginToken=79cdf269c273ce1ba96ec386ddbf56fc&usesul3=1&useformat=desktop&campaign=loginCTA,,blockchain,,
https://en.wikipedia.org/w/index.php?title=Special:QrCode&url=https%3A%2F%2Fen.wikipedia.org%2Fw%2Findex.php%3Ftitle%3DSpecial%3AUrlShortener%26url%3Dhttps%253A%252F%252Fauth.wikimedia.org%252Fenwiki%252Fw%252Findex.php%253Ftitle%253DSpecial%253AUserLogin%2526centralauthLoginToken%253D4144ecabd9d6616e877ab3bee3aff5bf%2526returnto%253DArtificial%252Bintelligence%2526useformat%253Ddesktop%2526usesul3%253D1,,,,
https://donate.wikimedia.org/w/index.php?title=Template:Appeal/default/en&action=history,,,,
https://en.wikipedia.org/wiki/Special:QrCode?url=https%3A%2F%2Fauth.wikimedia.org%2Fenwiki%2Fw%2Findex.php%3Ftitle%3DSpecial%3AUserLogin%26centralauthLoginToken%3Da1bacb248ba6f7631a5067fb4c38c1c6%26returnto%3DProof%2Bof%2Bwork%26useformat%3Ddesktop%26usesul3%3D1,,,,
https://ady.wikipedia.org/wiki/%D0%92%D0%B8%D0%BA%D0%B8%D0%BF%D0%B5%D0%B4%D0%B8%D0%B5:%D0%9B%D1%8A%D1%8D%D0%BF%D0%BA%D1%8A%D1%8D%D0%B3%D1%8A%D1%83_%D3%80%D1%83%D1%85%D1%8C%D0%B0%D0%BF%D3%80#Databox_Installation,,,,
https://collab.wikimedia.org/wiki/Main_Page,,,,
https://ang.wikipedia.org/w/index.php?title=Syndrig:CreateAccount&returnto=Help%3AInno%C3%BE,,,,
https://en.wikipedia.org/wiki/Special:Random#Coordinating_Council_of_Literary_Magazines_(CCLM),,,,
https://az.wikipedia.org/wiki/X%C3%BCsusi:X%C3%BCsusiS%C9%99hif%C9%99l%C9%99r,,,,
https://ar.wikipedia.org/w/index.php?title=%D8%AE%D8%A7%D8%B5:%D8%A5%D9%86%D8%B4%D8%A7%D8%A1_%D8%AD%D8%B3%D8%A7%D8%A8&returnto=%D9%85%D8%B3%D8%A7%D8%B9%D8%AF%D8%A9%3A%D9%85%D9%82%D8%AF%D9%85%D8%A9,,,,
https://ary.wikipedia.org/wiki/%D9%88%D9%8A%D9%83%D9%8A%D9%BE%D9%8A%D8%AF%D9%8A%D8%A7:%D8%A3%D9%BE%D9%84%D9%88%D8%AF%D9%8A_%D9%81%D9%8A%D8%B4%D9%8A,,,,
https://ca.wikipedia.org/wiki/Xarxa_neuronal#Connectivitat,,,,
https://ar.wikipedia.org/wiki/%D8%A7%D9%84%D8%B4%D8%A8%D9%83%D8%A9_%D8%A7%D9%84%D8%B9%D8%B5%D8%A8%D9%8A%D8%A9#الذكاء_الاصطناعي,,,,
https://alt.wikipedia.org/wiki/%D0%92%D0%B8%D0%BA%D0%B8%D0%BF%D0%B5%D0%B4%D0%B8%D1%8F:%D3%A6%D0%BC%D3%A7%D0%BB%D0%B8%D0%BA%D1%82%D0%B8%D2%A5_%D0%BF%D0%BE%D1%80%D1%82%D0%B0%D0%BB%D1%8B,,,,
https://en.wikipedia.org/wiki/Intergovernmental_Panel_on_Climate_Change,,climate_science,,
https://be.wikipedia.org/w/index.php?title=%D0%90%D0%B4%D0%BC%D1%8B%D1%81%D0%BB%D0%BE%D0%B2%D0%B0%D0%B5:CreateAccount&returnto=%D0%A0%D0%B0%D0%B7%D0%BC%D0%B5%D1%80%D0%BA%D0%B0%D0%B2%D0%B0%D0%BD%D1%8B+%D1%80%D1%8D%D0%B5%D1%81%D1%82%D1%80,,,,
https://en.wikipedia.org/w/index.php?title=Special:UrlShortener&url=https%3A%2F%2Fen.wikipedia.org%2Fwiki%2FSpecial%3ARecentChanges#bodyContent,,,,
https://am.wikipedia.org/wiki/%E1%8B%8B%E1%8A%93%E1%8B%8D_%E1%8C%88%E1%8C%BD,,,,
https://ang.wikipedia.org/wiki/Help:Inno%C3%BE#Typing,,,,
https://ab.wikipedia.org/wiki/%D0%90%D0%B2%D0%B8%D0%BA%D0%B8%D0%BF%D0%B5%D0%B4%D0%B8%D0%B0:%D0%9E%D0%BF%D0%B8%D1%81%D0%B0%D0%BD%D0%B8%D0%B5#bodyContent,,,,
https://en.wikipedia.org/enwiki/w/index.php?title=Special:UserLogin&returnto=Cryptocurrency&centralauthLoginToken=5a23abfb09ef2775adeb18867570ee37&usesul3=1&useformat=desktop,,blockchain,,
https://as.wikipedia.org/wiki/%E0%A7%B1%E0%A6%BF%E0%A6%95%E0%A6%BF%E0%A6%9A%27%E0%A7%B0%E0%A6%BE:%E0%A6%B6%E0%A7%87%E0%A6%B9%E0%A6%A4%E0%A7%80%E0%A6%AF%E0%A6%BC%E0%A6%BE_%E0%A6%98%E0%A6%9F%E0%A6%A8%E0%A6%BE%E0%A7%B1%E0%A6%B2%E0%A7%80#ছেপ্টেম্বৰ,,,,
https://donate.wikimedia.org/w/index.php?title=Template:Infobox/Default/en&action=history,,,,
https://ast.wikipedia.org/wiki/Wikipedia:Tocante_a,,,,
https://en.wikipedia.org/wiki/Special:QrCode?url=https%3A%2F%2Fauth.wikimedia.org%2Fenwiki%2Fw%2Findex.php%3Ftitle%3DSpecial%3AUserLogin%26centralauthLoginToken%3D1f1bdb54b5d882fe08ced1991137f1a4%26returnto%3DSustainability%26useformat%3Ddesktop%26usesul3%3D1,,climate_science,,
https://af.wikipedia.org/wiki/Wikipedia:Welkom_nuwelinge#Hoe_om_'n_artikel_te_wysig,,,,
https://en.wikipedia.org/wiki/Talk:Main_Page#Day-after-tomorrow's_FA,,,,
https://av.wikipedia.org/wiki/%D0%92%D0%B8%D0%BA%D0%B8%D0%BF%D0%B5%D0%B4%D0%B8%D1%8F:%D0%91%D0%B0%D1%8F%D0%BD,,,,
https://en.wikipedia.org/w/index.php?title=Special:CreateAccount&returnto=Help%3ARecent+changes,,,,
https://ce.wikipedia.org/wiki/%D0%9A%D0%BE%D0%B2:%D0%9A%D0%B0%D1%80%D0%B0%D1%80%D0%B0_%D1%85%D0%B8%D0%BB%D0%BB%D0%B0%D1%80%D1%88,,,,
https://zh-min-nan.wikipedia.org/wiki/Portal:Sin-b%C3%BBn_s%C5%AB-ki%C4%81%E2%81%BF#9_goe̍h,,,,
https://en.wikipedia.org/w/index.php?title=Special:QrCode&url=https%3A%2F%2Fen.wikipedia.org%2Fw%2Findex.php%3Ftitle%3DSpecial%3AUrlShortener%26url%3Dhttps%253A%252F%252Fauth.wikimedia.org%252Fenwiki%252Fw%252Findex.php%253Ftitle%253DSpecial%253ACreateAccount%2526centralauthLoginToken%253D63da01131642c31a78092157d9bf8ce4%2526returnto%253DArtificial%252Bintelligence%2526useformat%253Ddesktop%2526usesul3%253D1,,,,
https://en.wikipedia.org/wiki/Special:QrCode?url=https%3A%2F%2Fauth.wikimedia.org%2Fenwiki%2Fw%2Findex.php%3Ftitle%3DSpecial%3ACreateAccount%26centralauthLoginToken%3D6f5cc38be6275cd4214ce9fa344ae075%26returnto%3DWilliam%2BPhillips%2B%2528editor%2529%26useformat%3Ddesktop%26usesul3%3D1,,,,
https://donate.wikimedia.org/give/legacy-planned-giving/,,,,
https://wikimediafoundation.org/about/contact/,,,,
https://wikimediafoundation.org/news/2026/02/02/open-knowledge-journalism-awards-applications-open/,,,,
https://www.mediawiki.org/wiki/MediaWiki_Platform_Team/SUL3#bodyContent,,,,
https://en.wikipedia.org/wiki/An_Ocean_of_Doubt,,,,
https://bh.wikipedia.org/wiki/%E0%A4%B5%E0%A4%BF%E0%A4%95%E0%A4%BF%E0%A4%AA%E0%A5%80%E0%A4%A1%E0%A4%BF%E0%A4%AF%E0%A4%BE:%E0%A4%AB%E0%A4%BE%E0%A4%87%E0%A4%B2_%E0%A4%85%E0%A4%AA%E0%A4%B2%E0%A5%8B%E0%A4%A1#bodyContent,,,,
https://en.wikipedia.org/wiki/MediaWiki_talk:Recentchangestext#Filter_options_changes,,,,
https://auth.wikimedia.org/enwiki/wiki/Special:UserLogin#bodyContent,,,,
https://wikimediafoundation.org/what-we-do/open-the-knowledge/,,,,
https://ca.wikipedia.org/wiki/Viquip%C3%A8dia:Portal,,,,
https://en.wikipedia.org/w/index.php?title=Special:UserLogin&returnto=Distributed+ledger#bodyContent,,,,
https://en.wikipedia.org/enwiki/w/index.php?title=Special:CreateAccount&returnto=Wikipedia%3AFile+upload+wizard&centralauthLoginToken=cfafc0ebb64feeeac0efc24d61cdb972&usesul3=1&useformat=desktop&campaign=loginCTA,,,,
https://bn.wikipedia.org/wiki/%E0%A6%AC%E0%A6%BF%E0%A6%B6%E0%A7%87%E0%A6%B7:%E0%A6%85%E0%A6%9C%E0%A6%BE%E0%A6%A8%E0%A6%BE_%E0%A6%AA%E0%A6%BE%E0%A6%A4%E0%A6%BE,,,,
https://donate.wikimedia.org/wiki/Tax_deductibility,,,,
https://en.wikipedia.org/wiki/Blockchain#,,blockchain,,
https://fa.wikipedia.org/wiki/%D8%AF%D9%81%D8%AA%D8%B1_%DA%A9%D9%84_%D8%AA%D9%88%D8%B2%DB%8C%D8%B9%E2%80%8C%D8%B4%D8%AF%D9%87,,,,
https://en.wikipedia.org/wiki/Special:QrCode?url=https%3A%2F%2Fauth.wikimedia.org%2Fenwiki%2Fw%2Findex.php%3Ftitle%3DSpecial%3AUserLogin%26centralauthLoginToken%3Dda728ab62b8f433227e4b10fc6b3a5a6%26returnto%3DArtificial%2Bintelligence%26useformat%3Ddesktop%26usesul3%3D1,,,,
https://ar.wikipedia.org/wiki/%D9%88%D9%8A%D9%83%D9%8A%D8%A8%D9%8A%D8%AF%D9%8A%D8%A7:%D8%A8%D9%88%D8%A7%D8%A8%D8%A9_%D8%A7%D9%84%D9%85%D8%AC%D8%AA%D9%85%D8%B9,,,,
https://en.wikipedia.org/enwiki/w/index.php?title=Special:UserLogin&returnto=Greenhouse+gas&centralauthLoginToken=2e8e7f1b805fd4dec4f9d1f62cfd9a0e&usesul3=1&useformat=desktop,,,,
https://donate.wikimedia.org/?wmf_source=donate&wmf_medium=sidebar&wmf_campaign=an.wikipedia.org&uselang=an,,,,
https://www.mediawiki.org/w/index.php?title=Special:CreateAccount&returnto=MediaWiki+Platform+Team%2FSUL3,,,,
https://en.wikipedia.org/w/index.php?title=Special:CreateAccount&returnto=Special%3AQrCode&returntoquery=url%3Dhttps%253A%252F%252Fauth.wikimedia.org%252Fenwiki%252Fw%252Findex.php%253Ftitle%253DSpecial%253ACreateAccount%2526centralauthLoginToken%253Dfa26d9cf48395f3030044c045f6b36bf%2526returnto%253DMachine%252Blearning%2526useformat%253Ddesktop%2526usesul3%253D1,,,,
https://donate.wikimedia.org/?wmf_source=donate&wmf_medium=sidebar&wmf_campaign=anp.wikipedia.org&uselang=anp,,,,
https://donate.wikimedia.org/wiki/Problems_donating,,,,
https://as.wikipedia.org/wiki/%E0%A7%B1%E0%A6%BF%E0%A6%95%E0%A6%BF%E0%A6%9A%27%E0%A7%B0%E0%A6%BE:%E0%A6%B6%E0%A7%87%E0%A6%B9%E0%A6%A4%E0%A7%80%E0%A6%AF%E0%A6%BC%E0%A6%BE_%E0%A6%98%E0%A6%9F%E0%A6%A8%E0%A6%BE%E0%A7%B1%E0%A6%B2%E0%A7%80#নোবেল_বঁটা_২০২৫,,,,
https://en.wikipedia.org/wiki/Artificial_intelligence#bodyContent,,machine_learning,,
https://ba.wikipedia.org/wiki/%D0%9C%D0%B0%D1%85%D1%81%D1%83%D1%81:%D0%AF%D2%A3%D1%8B_%D0%B1%D0%B8%D1%82%D1%82%D3%99%D1%80,,,,
https://en.wikipedia.org/wiki/Special:QrCode?url=https%3A%2F%2Fauth.wikimedia.org%2Fenwiki%2Fw%2Findex.php%3Ftitle%3DSpecial%3AUserLogin%26centralauthLoginToken%3Dcfafc0ebb64feeeac0efc24d61cdb972%26returnto%3DWikipedia%253AFile%2Bupload%2Bwizard%26useformat%3Ddesktop%26usesul3%3D1,,,,
https://www.mediawiki.org/wiki/Special:MyLanguage/Help:Recent_changes#bodyContent,,,,
https://as.wikipedia.org/wiki/%E0%A7%B1%E0%A6%BF%E0%A6%95%E0%A6%BF%E0%A6%9A%27%E0%A7%B0%E0%A6%BE:%E0%A6%B6%E0%A7%87%E0%A6%B9%E0%A6%A4%E0%A7%80%E0%A6%AF%E0%A6%BC%E0%A6%BE_%E0%A6%98%E0%A6%9F%E0%A6%A8%E0%A6%BE%E0%A7%B1%E0%A6%B2%E0%A7%80#,,,,
https://en.wikipedia.org/w/index.php?title=Special:CreateAccount&returnto=Carbon+footprint,,,,
https://ary.wikipedia.org/wiki/%D9%83%D9%86%D8%A7%D8%B4_%D9%85%D9%88%D8%B2%D8%B9,,,,
https://be.wikipedia.org/w/index.php?title=%D0%90%D0%B4%D0%BC%D1%8B%D1%81%D0%BB%D0%BE%D0%B2%D0%B0%D0%B5:UserLogin&returnto=%D0%A0%D0%B0%D0%B7%D0%BC%D0%B5%D1%80%D0%BA%D0%B0%D0%B2%D0%B0%D0%BD%D1%8B+%D1%80%D1%8D%D0%B5%D1%81%D1%82%D1%80,,,,
https://map-bms.wikipedia.org/w/index.php?title=Mirunggan:Gaw%C3%A9_akun&returnto=Wikipedia%3AHubungi+kami,,,,
https://als.wikipedia.org/wiki/Spezial:Zuefelligi_Syte,,,,
https://en.wikipedia.org/w/index.php?title=Special:UserLogin&returnto=Help%3ARecent+changes,,,,
https://en.wikipedia.org/w/index.php?title=Special:CreateAccount&returnto=Bitcoin,,blockchain,,
https://an.wikipedia.org/w/index.php?title=Especial:Creyar_cuenta&returnto=Wikipedia%3AAduya,,,,
https://donate.wikimedia.org/w/index.php?title=Special:RecentChanges&hideminor=1,,,,
https://en.wikipedia.org/w/index.php?title=Special:UserLogin&returnto=Decentralized+finance,,blockchain,,
https://en.wikipedia.org/wiki/Special:UrlShortener?url=https%3A%2F%2Fauth.wikimedia.org%2Fenwiki%2Fw%2Findex.php%3Ftitle%3DSpecial%3ACreateAccount%26centralauthLoginToken%3D1aefcb61de602b22720b5bd9f71d261d%26returnto%3DProof%2Bof%2Bwork%26useformat%3Ddesktop%26usesul3%3D1,,,,
https://alt.wikipedia.org/w/index.php?title=%D0%90%D2%A5%D1%8B%D0%BB%D1%83:%D0%A1%D0%BE%D0%B7%D0%B4%D0%B0%D1%82%D1%8C_%D1%83%D1%87%D1%91%D1%82%D0%BD%D1%83%D1%8E_%D0%B7%D0%B0%D0%BF%D0%B8%D1%81%D1%8C&returnto=%D0%92%D0%B8%D0%BA%D0%B8%D0%BF%D0%B5%D0%B4%D0%B8%D1%8F%3A%D0%88%D0%B0%D1%80%D1%82%D0%B0%D0%BC%D0%B0%D0%BB%D1%8B,,,,
https://bh.wikipedia.org/wiki/%E0%A4%B5%E0%A4%BF%E0%A4%95%E0%A4%BF%E0%A4%AA%E0%A5%80%E0%A4%A1%E0%A4%BF%E0%A4%AF%E0%A4%BE:%E0%A4%85%E0%A4%A8%E0%A5%81%E0%A4%B0%E0%A5%8B%E0%A4%A7,,,,
https://as.wikipedia.org/wiki/%E0%A6%AC%E0%A6%BF%E0%A6%B6%E0%A7%87%E0%A6%B7:%E0%A6%B6%E0%A7%87%E0%A6%B9%E0%A6%A4%E0%A7%80%E0%A6%AF%E0%A6%BC%E0%A6%BE_%E0%A6%B8%E0%A6%BE%E0%A6%B2%E0%A6%B8%E0%A6%B2%E0%A6%A8%E0%A6%BF,,,,
https://en.wikipedia.org/wiki/Special:QrCode?url=https%3A%2F%2Fauth.wikimedia.org%2Fenwiki%2Fw%2Findex.php%3Ftitle%3DSpecial%3AUserLogin%26centralauthLoginToken%3Dadbaf0f5d69ec3eccbf3d2d04d4e8a8b%26returnto%3DWikipedia%253ACommunity%2Bportal%26useformat%3Ddesktop%26usesul3%3D1,,,,
https://en.wikipedia.org/wiki/Special:UrlShortener?url=https%3A%2F%2Fauth.wikimedia.org%2Fenwiki%2Fw%2Findex.php%3Ftitle%3DSpecial%3AUserLogin%26centralauthLoginToken%3D2f84dfce9eb01a5e3cefd5f76f26d3e5%26returnto%3DEthereum%26useformat%3Ddesktop%26usesul3%3D1,,blockchain,,
https://en.wikipedia.org/w/index.php?title=Special:UserLogin&returnto=Main+Page,,,,
https://www.wikidata.org/wiki/Q8016860,,,,
https://az.wikipedia.org/wiki/Vikipediya:Biziml%C9%99_%C9%99laq%C9%99#bodyContent,,,,
https://en.wikipedia.org/wiki/Distributed_ledger#,,blockchain,,
https://en.wikipedia.org/wiki/Neural_network#See_also,,machine_learning,,
https://arz.wikipedia.org/w/index.php?title=%D9%86%D9%82%D8%A7%D8%B4:%D9%88%D9%8A%D9%84%D9%8A%D8%A7%D9%85_%D9%81%D9%8A%D9%84%D9%8A%D8%A8%D8%B3_(%D9%83%D8%A7%D8%AA%D8%A8_%D9%85%D9%86_%D8%A7%D9%85%D8%B1%D9%8A%D9%83%D8%A7)&action=edit&redlink=1,,,,
https://en.wikipedia.org/w/index.php?title=Special:UserLogin&returnto=Main+Page&returntoquery=action%3Dhistory,,,,
https://bn.wikipedia.org/wiki/%E0%A6%B8%E0%A6%BE%E0%A6%B9%E0%A6%BE%E0%A6%AF%E0%A7%8D%E0%A6%AF:%E0%A6%B8%E0%A6%BE%E0%A6%AE%E0%A7%8D%E0%A6%AA%E0%A7%8D%E0%A6%B0%E0%A6%A4%E0%A6%BF%E0%A6%95_%E0%A6%AA%E0%A6%B0%E0%A6%BF%E0%A6%AC%E0%A6%B0%E0%A7%8D%E0%A6%A4%E0%A6%A8%E0%A6%B8%E0%A6%AE%E0%A7%82%E0%A6%B9,,,,
https://ar.wikipedia.org/wiki/%D9%88%D9%8A%D9%83%D9%8A%D8%A8%D9%8A%D8%AF%D9%8A%D8%A7:%D9%83%D9%8A%D9%88%D9%8A%D9%83%D8%B3,,,,
https://en.wikipedia.org/wiki/Special:Random#bodyContent,,,,
https://ca.wikipedia.org/wiki/Especial:Cerca,,,,
https://en.wikipedia.org/enwiki/w/index.php?title=Special:CreateAccount&returnto=Ethereum&centralauthLoginToken=2f84dfce9eb01a5e3cefd5f76f26d3e5&usesul3=1&useformat=desktop&campaign=loginCTA,,blockchain,,
https://www.hcaptcha.com/privacy#,,,,
https://en.wikipedia.org/wiki/Cryptocurrency#Blockchain,,blockchain,,
https://donate.wikimedia.org/wiki/Special:FundraiserRedirector#mw-head,,,,
https://en.wikipedia.org/wiki/Ethereum#CryptoKitties_and_the_ERC-721_NFT_standard,,blockchain,,
https://arz.wikipedia.org/wiki/%D8%AE%D8%A7%D8%B5:%D8%B5%D9%81%D8%AD_%D9%85%D8%AE%D8%B5%D9%88%D8%B5%D9%87,,,,
https://donate.wikimedia.org/who-we-are/,,,,
https://arz.wikipedia.org/wiki/%D8%AA%D8%B5%D9%86%D9%8A%D9%81:%D8%A8%D9%88%D8%A7%D8%A8%D8%A7%D8%AA,,,,
https://en.wikipedia.org/w/index.php?title=Special:UrlShortener&url=https%3A%2F%2Fen.wikipedia.org%2Fwiki%2FSpecial%3ASearch,,,,
https://en.wikipedia.org/wiki/Special:QrCode?url=https%3A%2F%2Fauth.wikimedia.org%2Fenwiki%2Fw%2Findex.php%3Ftitle%3DSpecial%3ACreateAccount%26centralauthLoginToken%3D00b68de8fbec187999eaaa74fa010438%26returnto%3DPortal%253ACurrent%2Bevents%26useformat%3Ddesktop%26usesul3%3D1,,,,
https://en.wikipedia.org/w/index.php?title=Special:CreateAccount&returnto=Special%3AQrCode&returntoquery=url%3Dhttps%253A%252F%252Fauth.wikimedia.org%252Fenwiki%252Fw%252Findex.php%253Ftitle%253DSpecial%253ACreateAccount%2526centralauthLoginToken%253D63da01131642c31a78092157d9bf8ce4%2526returnto%253DArtificial%252Bintelligence%2526useformat%253Ddesktop%2526usesul3%253D1,,,,
https://donate.wikimedia.org/w/index.php?country=IN&title=Special:LandingPage&wmf_campaign=spontaneous&wmf_medium=spontaneous&wmf_source=fr-redir,,,,
https://wikimediafoundation.org/technology,,,,
https://en.wikipedia.org/enwiki/w/index.php?title=Special:UserLogin&returnto=Climate+change&centralauthLoginToken=521309d90d0e9a3148867d995b3ecfe8&usesul3=1&useformat=desktop,,,,
https://ang.wikipedia.org/wiki/Help:Inno%C3%BE#bodyContent,,,,
https://alt.wikipedia.org/wiki/%D0%92%D0%B8%D0%BA%D0%B8%D0%BF%D0%B5%D0%B4%D0%B8%D1%8F:%D0%88%D0%B0%D1%80%D1%82%D0%B0%D0%BC%D0%B0%D0%BB%D1%8B,,,,
https://en.wikipedia.org/wiki/Special:QrCode?url=https%3A%2F%2Fauth.wikimedia.org%2Fenwiki%2Fw%2Findex.php%3Ftitle%3DSpecial%3ACreateAccount%26centralauthLoginToken%3Dffaf7a29b374ab7479bbee6f04e456c0%26returnto%3DDecentralized%2Bfinance%26useformat%3Ddesktop%26usesul3%3D1,,blockchain,,
https://arz.wikipedia.org/wiki/%D8%A7%D9%84%D8%B5%D9%81%D8%AD%D9%87_%D8%A7%D9%84%D8%B1%D8%A6%D9%8A%D8%B3%D9%8A%D9%87,,,,
https://www.wikidata.org/wiki/Special:Random/Main,,,,
https://as.wikipedia.org/w/index.php?title=%E0%A6%AC%E0%A6%BF%E0%A6%B6%E0%A7%87%E0%A6%B7:%E0%A6%B8%E0%A6%A6%E0%A6%B8%E0%A7%8D%E0%A6%AF%E0%A7%B0_%E0%A6%AA%E0%A7%8D%E0%A7%B0%E0%A7%B1%E0%A7%87%E0%A6%B6&returnto=%E0%A7%B1%E0%A6%BF%E0%A6%95%E0%A6%BF%E0%A6%AA%E0%A6%BF%E0%A6%A1%E0%A6%BF%E0%A6%AF%E0%A6%BC%E0%A6%BE%3A%E0%A6%86%E0%A6%AA%E0%A6%B2%E2%80%99%E0%A6%A1,,,,
https://en.wikipedia.org/wiki/Wikipedia:Contents#Culture_and_the_arts,,,,
https://roa-rup.wikipedia.org/w/index.php?title=Special:Autentificare&returnto=Wikipedia%3ACommunity+portal,,,,
https://am.wikipedia.org/wiki/%E1%8A%A5%E1%88%AD%E1%8B%B3%E1%89%B3:%E1%8B%AD%E1%8B%9E%E1%89%B3#washra_-_ዋሽራ,,,,
https://ast.wikipedia.org/wiki/Wikipedia:Tocante_a#bodyContent,,,,
https://en.wikipedia.org/wiki/Intergovernmental_Panel_on_Climate_Change#Structure,,climate_science,,
https://en.wikipedia.org/wiki/Carbon_footprint#Consumption-based_emission_accounting_based_on_input-output_analysis,,,,
https://donate.wikimedia.org/w/index.php?title=Special:QrCode&url=https%3A%2F%2Fdonate.wikimedia.org%2Fw%2Findex.php%3Ftitle%3DSpecial%3ALandingPage%26country%3DIN%26uselang%3Den%26wmf_campaign%3Dauth.wikimedia.org%26wmf_medium%3Dsidebar%26wmf_source%3Ddonate,,,,
https://en.wikipedia.org/enwiki/w/index.php?title=Special:UserLogin&returnto=Carbon+footprint&centralauthLoginToken=2847d0e5bb1d041969dbd68df0a3ef17&usesul3=1&useformat=desktop,,,,
https://ar.wikipedia.org/wiki/%D9%88%D9%8A%D9%84%D9%8A%D8%A7%D9%85_%D9%81%D9%8A%D9%84%D9%8A%D8%A8%D8%B3_(%D9%83%D8%A7%D8%AA%D8%A8)#bodyContent,,,,
https://en.wikipedia.org/wiki/Neural_network#,,machine_learning,,
https://en.wikipedia.org/enwiki/w/index.php?title=Special:CreateAccount&returnto=Supervised+learning&centralauthLoginToken=a867563c9674f145fde7522765346cd3&usesul3=1&useformat=desktop,,,,
https://en.wikipedia.org/wiki/Special:UrlShortener?url=https%3A%2F%2Fauth.wikimedia.org%2Fenwiki%2Fw%2Findex.php%3Ftitle%3DSpecial%3ACreateAccount%26centralauthLoginToken%3Da7cad5cbdd71ef3bd3c35c23ae7b65c4%26returnto%3DDeep%2Blearning%26useformat%3Ddesktop%26usesul3%3D1#bodyContent,,,,
https://en.wikipedia.org/enwiki/w/index.php?title=Special:UserLogin&returnto=Intergovernmental+Panel+on+Climate+Change&centralauthLoginToken=44c4fb6ef45b0d5404ab0b021560e8e0&usesul3=1&useformat=desktop,,,,
https://zh-min-nan.wikipedia.org/wiki/Wikipedia:Si%C4%81-l%C3%AD_mn%CC%82g-chh%C3%B9i-kh%C3%A1u,,,,
https://en.wikipedia.org/enwiki/w/index.php?title=Special:UserLogin&returnto=William+Phillips+%28editor%29&centralauthLoginToken=825169bd2ad56c4d29a5ac3af8e4bae3&usesul3=1&useformat=desktop,,,,
https://am.wikipedia.org/wiki/%E1%8A%A5%E1%88%AD%E1%8B%B3%E1%89%B3:%E1%8B%AD%E1%8B%9E%E1%89%B3#ፋየር_ፎክስ_እና_አኒኪ,,,,
https://stats.wikimedia.org/#/collab.wikimedia.org,,,,
https://en.wikipedia.org/w/index.php?title=Special:UserLogin&returnto=Intergovernmental+Panel+on+Climate+Change#bodyContent,,,,
https://en.wikipedia.org/w/index.php?title=Special:UserLogin&returnto=Special%3ASearch#bodyContent,,,,
https://en.wikipedia.org/wiki/Intergovernmental_Panel_on_Climate_Change#,,climate_science,,
https://bs.wikipedia.org/wiki/Wikipedia:%C4%8Car%C5%A1ija,,,,
https://donate.wikimedia.org/w/index.php?title=Template:Infobox/Default/en&action=edit&section=T-1#mw-head,,,,
https://as.wikipedia.org/wiki/%E0%A7%B1%E0%A6%BF%E0%A6%95%E0%A6%BF%E0%A6%AA%E0%A6%BF%E0%A6%A1%E0%A6%BF%E0%A6%AF%E0%A6%BC%E0%A6%BE:%E0%A6%87%E0%A6%A4%E0%A6%BF%E0%A6%AC%E0%A7%83%E0%A6%A4%E0%A7%8D%E0%A6%A4#bodyContent,,,,
https://as.wikipedia.org/wiki/%E0%A7%B1%E0%A6%BF%E0%A6%95%E0%A6%BF%E0%A6%9A%27%E0%A7%B0%E0%A6%BE:%E0%A6%B6%E0%A7%87%E0%A6%B9%E0%A6%A4%E0%A7%80%E0%A6%AF%E0%A6%BC%E0%A6%BE_%E0%A6%98%E0%A6%9F%E0%A6%A8%E0%A6%BE%E0%A7%B1%E0%A6%B2%E0%A7%80#মে',,,,
https://en.wikipedia.org/wiki/Blockchain#Hard_forks,,blockchain,,
https://en.wikipedia.org/w/index.php?title=Special:CreateAccount&returnto=Special%3ASearch,,,,
https://donate.wikimedia.org/wiki/Matching_Gifts#content,,,,
https://en.wikipedia.org/w/index.php?title=Special:UserLogin&returnto=Greenhouse+gas,,,,
https://en.wikipedia.org/w/index.php?title=Special:CreateAccount&returnto=Special%3AUrlShortener&returntoquery=url%3Dhttps%253A%252F%252Fen.wikipedia.org%252Fwiki%252FSpecial%253ARecentChanges,,,,
https://en.wikipedia.org/wiki/Special:Random#Marine_Life,,,,
https://en.wikipedia.org/wiki/Machine_learning#Statistics,,machine_learning,,
https://ca.wikipedia.org/wiki/Ajuda:Registrar-se,,,,
https://en.wikipedia.org/w/index.php?title=Special:UserLogin&returnto=Special%3AUrlShortener&returntoquery=url%3Dhttps%253A%252F%252Fauth.wikimedia.org%252Fenwiki%252Fw%252Findex.php%253Ftitle%253DSpecial%253ACreateAccount%2526centralauthLoginToken%253Da7cad5cbdd71ef3bd3c35c23ae7b65c4%2526returnto%253DDeep%252Blearning%2526useformat%253Ddesktop%2526usesul3%253D1,,,,
https://en.wikipedia.org/wiki/Help:Searching#Namespaces,,,,
https://donate.wikimedia.org/?wmf_source=donate&wmf_medium=sidebar&wmf_campaign=map-bms.wikipedia.org&uselang=map-bms,,,,
https://en.wikipedia.org/wiki/Special:Random#History,,,,
https://af.wikipedia.org/wiki/Wikipedia:Welkom_nuwelinge,,,,
https://en.wikipedia.org/wiki/Special:Random#Professional_career,,,,
https://as.wikipedia.org/wiki/%E0%A7%B1%E0%A6%BF%E0%A6%95%E0%A6%BF%E0%A6%AA%E0%A6%BF%E0%A6%A1%E0%A6%BF%E0%A6%AF%E0%A6%BC%E0%A6%BE:%E0%A6%87%E0%A6%A4%E0%A6%BF%E0%A6%AC%E0%A7%83%E0%A6%A4%E0%A7%8D%E0%A6%A4#অসমীয়া_ৱিকিপিডিয়া_2,,,,
https://en.wikipedia.org/w/index.php?title=Special:CreateAccount&returnto=Special%3ARecentChanges,,,,
https://www.mediawiki.org/wiki/Special:SpecialPages,,,,
https://ar.wikipedia.org/w/index.php?title=%D8%AE%D8%A7%D8%B5:%D8%AF%D8%AE%D9%88%D9%84_%D8%A7%D9%84%D9%85%D8%B3%D8%AA%D8%AE%D8%AF%D9%85&returnto=%D9%88%D9%8A%D9%83%D9%8A%D8%A8%D9%8A%D8%AF%D9%8A%D8%A7%3A%D8%B9%D9%86,,,,
https://donate.wikimedia.org/give/manage-your-donation/,,,,
https://en.wikipedia.org/wiki/Rodeem_Brown,,,,
https://en.wikipedia.org/w/index.php?title=Special:Search&profile=advanced&search=&fulltext=1,,,,
https://wikimediafoundation.org/news/category/our-projects/,,,,
https://en.wikipedia.org/w/index.php?title=Special:UserLogin&returnto=Redland+City,,,,
https://ady.wikipedia.org/wiki/%D0%92%D0%B8%D0%BA%D0%B8%D0%BF%D0%B5%D0%B4%D0%B8%D0%B5:%D0%9B%D1%8A%D1%8D%D0%BF%D0%BA%D1%8A%D1%8D%D0%B3%D1%8A%D1%83_%D3%80%D1%83%D1%85%D1%8C%D0%B0%D0%BF%D3%80#Языки_сайтов_госорганов,,,,
https://en.wikipedia.org/wiki/MediaWiki:Recentchangestext,,,,
https://ast.wikipedia.org/wiki/Especial:P%C3%A1ginasEspeciales,,,,
https://en.wikipedia.org/w/index.php?title=Special:UserLogin&returnto=William+Phillips+%28editor%29,,,,
https://donate.wikimedia.org/what-we-do/,,,,
https://ar.wikipedia.org/wiki/%D8%A7%D9%84%D8%B4%D8%A8%D9%83%D8%A9_%D8%A7%D9%84%D8%B9%D8%B5%D8%A8%D9%8A%D8%A9#تاريخ,,,,
https://sn.wikipedia.org/wiki/Wikipedia:Ungamo_wenharaunda,,,,
https://azb.wikipedia.org/wiki/%D9%88%DB%8C%DA%A9%DB%8C%E2%80%8C%D9%BE%D8%AF%DB%8C%D8%A7:%D8%A8%DB%8C%D8%B2%DB%8C%D9%85%E2%80%8C%D9%84%D9%87_%D8%A7%DB%8C%D8%B1%D8%AA%DB%8C%D8%A8%D8%A7%D8%B7,,,,
https://en.wikipedia.org/wiki/Carbon_footprint#,,,,
https://en.wikipedia.org/wiki/Global_warming#Warming_since_the_Industrial_Revolution,,climate_science,,
https://en.wikipedia.org/wiki/Wikipedia:Contents#bodyContent,,,,
https://en.wikipedia.org/wiki/Sustainability#Comparison_to_sustainable_development,,climate_science,,
https://as.wikipedia.org/wiki/%E0%A7%B1%E0%A6%BF%E0%A6%95%E0%A6%BF%E0%A6%9A%27%E0%A7%B0%E0%A6%BE:%E0%A6%B6%E0%A7%87%E0%A6%B9%E0%A6%A4%E0%A7%80%E0%A6%AF%E0%A6%BC%E0%A6%BE_%E0%A6%98%E0%A6%9F%E0%A6%A8%E0%A6%BE%E0%A7%B1%E0%A6%B2%E0%A7%80#তথ্যসূত্ৰ,,,,
https://ang.wikipedia.org/wiki/Wikip%C7%A3dia:Se_%C3%9Eorpes_Wella,,,,
https://en.wikipedia.org/w/index.php?title=Special:UserLogin&returnto=Wikipedia%3ACommunity+portal#bodyContent,,,,
https://en.wikipedia.org/wiki/Distributed_ledger#Characteristics,,blockchain,,
https://av.wikipedia.org/wiki/%D0%92%D0%B8%D0%BA%D0%B8%D0%BF%D0%B5%D0%B4%D0%B8%D1%8F:%D0%96%D0%B0%D0%BC%D0%B3%D3%80%D0%B8%D1%8F%D0%B1_%D0%BF%D0%BE%D1%80%D1%82%D0%B0%D0%BB,,,,
https://en.wikipedia.org/w/index.php?title=Special:UserLogin&returnto=Climate+change,,,,
https://en.wikipedia.org/w/index.php?title=Special:UserLogin&returnto=Supervised+learning#bodyContent,,,,
https://map-bms.wikipedia.org/wiki/Mirunggan:Kaca_sembarang,,,,
https://en.wikipedia.org/enwiki/w/index.php?title=Special:UserLogin&returnto=Wikipedia%3AAbout&centralauthLoginToken=94851983c873752c3ccd5af79b2b356d&usesul3=1&useformat=desktop,,,,
https://en.wikipedia.org/wiki/Wikipedia:Username_policy#Non-script_usernames,,,,
https://en.wikipedia.org/wiki/Special:QrCode?url=https%3A%2F%2Fauth.wikimedia.org%2Fenwiki%2Fw%2Findex.php%3Ftitle%3DSpecial%3AUserLogin%26centralauthLoginToken%3D3d4e061861fdedce332893001826e943%26returnto%3DNeural%2Bnetwork%26useformat%3Ddesktop%26usesul3%3D1,,,,
https://arc.wikipedia.org/w/index.php?title=%DC%95%DC%9D%DC%A0%DC%A2%DC%9D%DC%90:%DC%92%DC%AA%DC%9D_%DC%9A%DC%98%DC%AB%DC%92%DC%A2%DC%90&returnto=%DC%A5%DC%98%DC%95%DC%AA%DC%A2%DC%90%3A%DC%9A%DC%92%DC%9D%DC%AB%DC%AC%CC%88%DC%90,,,,
https://donate.wikimedia.org/w/index.php?title=Special:QrCode&url=https%3A%2F%2Fdonate.wikimedia.org%2Fw%2Findex.php%3Ftitle%3DTemplate%3AAppeal%2Fdefault%2Fen%26action%3Dedit%26section%3DT-1,,,,
https://en.wikipedia.org/w/index.php?title=Special:UrlShortener&url=https%3A%2F%2Fen.wikipedia.org%2Fwiki%2FSpecial%3ARecentChanges,,,,
https://foundation.wikimedia.org/wiki/Privacy_policy,,,,
https://en.wikipedia.org/wiki/Bitcoin#2010–2012:_Early_growth,,blockchain,,
https://en.wikipedia.org/wiki/Renewable_energy#Role_in_addressing_climate_change,,climate_science,,
https://www.wikidata.org/wiki/Special:RecentChanges?namespace=146%3B147,,,,
https://www.wikidata.org/wiki/Special:Random/Lexeme,,,,
https://als.wikipedia.org/wiki/Wikipedia:Tutorial,,,,
https://en.wikipedia.org/wiki/Deep_learning#Overview,,machine_learning,,
https://en.wikipedia.org/enwiki/w/index.php?title=Special:CreateAccount&returnto=Portal%3ACurrent+events&centralauthLoginToken=f9890cc1a72bc44628edd538f2aa3d2f&usesul3=1&useformat=desktop&campaign=loginCTA,,,,
https://af.wikipedia.org/wiki/Neurale_netwerk,,,,
https://af.wikipedia.org/wiki/Wikipedia:Welkom_nuwelinge#Hoe_om_'n_nuwe_artikel_te_skep,,,,
https://en.wikipedia.org/enwiki/w/index.php?title=Special:CreateAccount&returnto=Deep+learning&centralauthLoginToken=10e738125f1df5c9726a9c155d67bf5f&usesul3=1&useformat=desktop,,,,
https://be.wikipedia.org/wiki/%D0%A0%D0%B0%D0%B7%D0%BC%D0%B5%D1%80%D0%BA%D0%B0%D0%B2%D0%B0%D0%BD%D1%8B_%D1%80%D1%8D%D0%B5%D1%81%D1%82%D1%80#bodyContent,,,,
https://en.wikipedia.org/wiki/Wikipedia:Contents,,,,
https://en.wikipedia.org/wiki/Greenhouse_gas#Airborne_fraction,,climate_science,,
https://zh-min-nan.wikipedia.org/wiki/Tek-pia%CC%8Dt:%E5%B0%8B%E8%A8%8E,,,,
https://en.wikipedia.org/enwiki/w/index.php?title=Special:CreateAccount&returnto=Renewable+energy&centralauthLoginToken=7ba6405c1427c8c47f74caaa701fc215&usesul3=1&useformat=desktop,,,,
https://auth.wikimedia.org/enwiki/wiki/Special:CreateAccount#bodyContent,,,,
https://en.wikipedia.org/enwiki/w/index.php?title=Special:UserLogin&returnto=Wikipedia%3ACommunity+portal&centralauthLoginToken=adbaf0f5d69ec3eccbf3d2d04d4e8a8b&usesul3=1&useformat=desktop,,,,
https://sn.wikipedia.org/wiki/Special:Random,,,,
https://en.wikipedia.org/wiki/Bitcoin#2008–2009:_Creation,,blockchain,,
https://ca.wikipedia.org/wiki/Xarxa_neuronal#Tipus_de_models,,,,
https://en.wikipedia.org/wiki/Special:Random#Legacy,,,,
https://af.wikipedia.org/wiki/Wikipedia:Omtrent,,,,
https://zh-min-nan.wikipedia.org/wiki/Portal:Sin-b%C3%BBn_s%C5%AB-ki%C4%81%E2%81%BF#2024_nî,,,,
https://en.wikipedia.org/wiki/Special:SpecialPages,,,,
https://en.wikipedia.org/enwiki/w/index.php?title=Special:UserLogin&returnto=Carbon+footprint&centralauthLoginToken=80006b66d1c7ee4ea1c5ad72b7dba87f&usesul3=1&useformat=desktop,,,,
https://en.wikipedia.org/wiki/Deep_learning#History,,machine_learning,,
https://ady.wikipedia.org/wiki/Special:Random,,,,
https://en.wikipedia.org/enwiki/w/index.php?title=Special:UserLogin&returnto=Sustainability&centralauthLoginToken=b2c886e2d3e0d872819b702f44614a1e&usesul3=1&useformat=desktop,,climate_science,,
https://donate.wikimedia.org/?wmf_source=donate&wmf_medium=sidebar&wmf_campaign=auth.wikimedia.org&uselang=en,,,,
https://en.wikipedia.org/w/index.php?title=Special:CreateAccount&returnto=Special%3AUrlShortener&returntoquery=url%3Dhttps%253A%252F%252Fauth.wikimedia.org%252Fenwiki%252Fw%252Findex.php%253Ftitle%253DSpecial%253ACreateAccount%2526centralauthLoginToken%253Da7cad5cbdd71ef3bd3c35c23ae7b65c4%2526returnto%253DDeep%252Blearning%2526useformat%253Ddesktop%2526usesul3%253D1,,,,
https://en.wikipedia.org/w/index.php?title=Special:CreateAccount&returnto=Greenhouse+gas#bodyContent,,,,
https://en.wikipedia.org/wiki/Special:QrCode?url=https%3A%2F%2Fauth.wikimedia.org%2Fenwiki%2Fw%2Findex.php%3Ftitle%3DSpecial%3ACreateAccount%26centralauthLoginToken%3De827df57ee9ccf44756ee3b0d6e96226%26returnto%3DSpecial%253ARecentChanges%26useformat%3Ddesktop%26usesul3%3D1,,,,
https://anp.wikipedia.org/wiki/%E0%A4%B5%E0%A4%BF%E0%A4%95%E0%A4%BF%E0%A4%AA%E0%A5%80%E0%A4%A1%E0%A4%BF%E0%A4%AF%E0%A4%BE:%E0%A4%AA%E0%A4%B0%E0%A4%BF%E0%A4%9A%E0%A4%AF#bodyContent,,,,
https://en.wikipedia.org/enwiki/w/index.php?title=Special:CreateAccount&returnto=Cryptocurrency&centralauthLoginToken=5a23abfb09ef2775adeb18867570ee37&usesul3=1&useformat=desktop,,blockchain,,
https://en.wikipedia.org/enwiki/w/index.php?title=Special:CreateAccount&returnto=Blockchain&centralauthLoginToken=941cf6183c6e08db3e102010434e3e3f&usesul3=1&useformat=desktop&campaign=loginCTA,,blockchain,,
https://ca.wikipedia.org/wiki/Xarxa_neuronal#Intel·ligència_artificial,,,,
https://ab.wikipedia.org/wiki/%D0%90%D0%B2%D0%B8%D0%BA%D0%B8%D0%BF%D0%B5%D0%B4%D0%B8%D0%B0:%D0%91%D0%B7%D0%B8%D0%B0%D0%BB%D0%B0_%D1%88%D3%99%D0%B0%D0%B0%D0%B1%D0%B5%D0%B8%D1%82,,,,
https://bn.wikipedia.org/wiki/%E0%A6%89%E0%A6%87%E0%A6%95%E0%A6%BF%E0%A6%AA%E0%A6%BF%E0%A6%A1%E0%A6%BF%E0%A6%AF%E0%A6%BC%E0%A6%BE:%E0%A6%86%E0%A6%AE%E0%A6%BE%E0%A6%A6%E0%A7%87%E0%A6%B0_%E0%A6%B8%E0%A6%BE%E0%A6%A5%E0%A7%87_%E0%A6%AF%E0%A7%8B%E0%A6%97%E0%A6%BE%E0%A6%AF%E0%A7%8B%E0%A6%97#,,,,
https://en.wikipedia.org/enwiki/w/index.php?title=Special:UserLogin&returnto=Distributed+ledger&centralauthLoginToken=9097a00150a29da87d8f524cdfc34c78&usesul3=1&useformat=desktop,,,,
https://en.wikipedia.org/enwiki/w/index.php?title=Special:CreateAccount&returnto=Blockchain&centralauthLoginToken=941cf6183c6e08db3e102010434e3e3f&usesul3=1&useformat=desktop,,blockchain,,
https://en.wikipedia.org/wiki/Special:UrlShortener?url=https%3A%2F%2Fauth.wikimedia.org%2Fenwiki%2Fw%2Findex.php%3Ftitle%3DSpecial%3ACreateAccount%26centralauthLoginToken%3Dab16fc79375fc0803178242a21f4cc8a%26returnto%3DMain%2BPage%26useformat%3Ddesktop%26usesul3%3D1,,,,
https://en.wikipedia.org/wiki/Neural_network#References,,machine_learning,,
https://zh-min-nan.wikipedia.org/wiki/Wikipedia:Chhi%C5%AB-%C3%A1-kha,,,,
https://af.wikipedia.org/wiki/Wikipedia:Gebruikersportaal,,,,
https://en.wikipedia.org/wiki/Special:QrCode?url=https%3A%2F%2Fauth.wikimedia.org%2Fenwiki%2Fw%2Findex.php%3Ftitle%3DSpecial%3ACreateAccount%26centralauthLoginToken%3Dfa26d9cf48395f3030044c045f6b36bf%26returnto%3DMachine%2Blearning%26useformat%3Ddesktop%26usesul3%3D1,,,,
https://en.wikipedia.org/wiki/Special:Random#Geography,,,,
https://collab.wikimedia.org/w/index.php?title=Special:UserLogin&returnto=Fundraising%2FDonatewiki+documentation&returntoquery=,,,,
https://zh-min-nan.wikipedia.org/w/index.php?title=Tek-pia%CC%8Dt:%E7%94%A8%E6%88%B6%E8%BA%92%E5%BA%95&returnto=Wikipedia%3AChi%C5%AB%E2%81%BF-b%C4%81ng,,,,
https://donate.wikimedia.org/?wmf_source=donate&wmf_medium=sidebar&wmf_campaign=en.wikipedia.org&uselang=en#searchInput,,,,
https://en.wikipedia.org/w/index.php?title=Special:UserLogin&returnto=Ethereum,,blockchain,,
https://en.wikipedia.org/enwiki/w/index.php?title=Special:UserLogin&returnto=Help%3AContents&centralauthLoginToken=7e5d67e491631916301a450579ec72ea&usesul3=1&useformat=desktop,,,,
https://be.wikipedia.org/wiki/%D0%92%D1%96%D0%BA%D1%96%D0%BF%D0%B5%D0%B4%D1%8B%D1%8F:%D0%94%D0%B0%D0%B2%D0%B5%D0%B4%D0%BA%D0%B0,,,,
https://en.wikipedia.org/w/index.php?title=Special:QrCode&url=https%3A%2F%2Fen.wikipedia.org%2Fw%2Findex.php%3Ftitle%3DSpecial%3AUrlShortener%26url%3Dhttps%253A%252F%252Fauth.wikimedia.org%252Fenwiki%252Fw%252Findex.php%253Ftitle%253DSpecial%253ACreateAccount%2526centralauthLoginToken%253Da7cad5cbdd71ef3bd3c35c23ae7b65c4%2526returnto%253DDeep%252Blearning%2526useformat%253Ddesktop%2526usesul3%253D1,,,,
https://donate.wikimedia.org/wiki/MediaWiki:DonationForm.js,,,,
https://en.wikipedia.org/enwiki/w/index.php?title=Special:UserLogin&returnto=Machine+learning&centralauthLoginToken=2238c1951657137944543056e38edcd2&usesul3=1&useformat=desktop,,,,
https://en.wikipedia.org/wiki/Special:UrlShortener?url=https%3A%2F%2Fauth.wikimedia.org%2Fenwiki%2Fw%2Findex.php%3Ftitle%3DSpecial%3AUserLogin%26centralauthLoginToken%3D5a23abfb09ef2775adeb18867570ee37%26returnto%3DCryptocurrency%26useformat%3Ddesktop%26usesul3%3D1,,blockchain,,
https://collab.wikimedia.org/w/index.php?title=Special:UserLogin&returnto=Fundraising%2FDonatewiki+documentation,,,,
https://am.wikipedia.org/wiki/%E1%8A%A5%E1%88%AD%E1%8B%B3%E1%89%B3:%E1%8B%AD%E1%8B%9E%E1%89%B3#,,,,
"https://en.wikipedia.org/wiki/Talk:Boneh-ye_Abbas,_Khuzestan",,,,
https://av.wikipedia.org/w/index.php?title=%D0%A5%D1%8A%D1%83%D0%BB%D1%83%D1%85%D1%8A%D0%B0%D0%BB%D1%8A%D1%83%D0%BB%D0%B0%D0%B1:%D0%96%D0%B0%D0%BD%D0%B8%D0%B2%D0%B5_%D0%BB%D1%8A%D1%83%D0%B3%D1%8C%D0%B8%D0%BD&returnto=%D0%92%D0%B8%D0%BA%D0%B8%D0%BF%D0%B5%D0%B4%D0%B8%D1%8F%3A%D0%91%D0%B0%D0%B9%D0%B1%D0%B8%D1%85%D1%8C%D0%B8,,,,
https://wikimediafoundation.org/role/executive/,,,,
https://foundation.wikimedia.org/wiki/Project:General_disclaimer,,,,
https://av.wikipedia.org/wiki/%D0%92%D0%B8%D0%BA%D0%B8%D0%BF%D0%B5%D0%B4%D0%B8%D1%8F:%D0%93%D1%8C%D0%B0%D0%BD%D0%B6%D0%B5%D1%81%D0%B5%D0%BB_%D0%BB%D3%80%D1%83%D0%B3%D1%8C%D0%B0-%D1%80%D0%B0%D1%85%D1%8A%D0%B8%D0%BD%D0%B0%D0%BB,,,,
https://donate.wikimedia.org/?wmf_source=donate&wmf_medium=sidebar&wmf_campaign=as.wikipedia.org&uselang=as,,,,
https://en.wikipedia.org/w/index.php?title=Special:UserLogin&returnto=Special%3ASearch&returntoquery=fulltext%3D1%26profile%3Dimages%26search%3D,,,,
https://arc.wikipedia.org/wiki/%DC%95%DC%9D%DC%A0%DC%A2%DC%9D%DC%90:%DC%92%DC%A8%DC%9D%DC%90,,,,
https://en.wikipedia.org/w/index.php?title=Special:CreateAccount&returnto=Portal%3ACurrent+events,,,,
https://av.wikipedia.org/w/index.php?title=%D0%A5%D1%8A%D1%83%D0%BB%D1%83%D1%85%D1%8A%D0%B0%D0%BB%D1%8A%D1%83%D0%BB%D0%B0%D0%B1:%D0%A3%D1%87%D1%91%D1%82%D0%B0%D0%BB%D1%8A%D1%83%D0%BB%D0%B0%D0%B1_%D0%A5%D1%8A%D0%B2%D0%B0%D0%B9-%D1%85%D1%8A%D0%B2%D0%B0%D0%B3%D0%86%D0%B0%D0%B9_%D0%B3%D0%86%D1%83%D1%86%D0%86%D1%86%D0%86%D0%B8%D0%B7%D0%B5&returnto=%D0%92%D0%B8%D0%BA%D0%B8%D0%BF%D0%B5%D0%B4%D0%B8%D1%8F%3A%D0%91%D0%B0%D0%B9%D0%B1%D0%B8%D1%85%D1%8C%D0%B8,,,,
https://en.wikipedia.org/wiki/MediaWiki_talk:Recentchangestext#Click_'diff'_or_'hist'_to_open_in_a_new_tab_please,,,,
https://en.wikipedia.org/w/index.php?title=Main_Page&action=edit,,,,
https://ady.wikipedia.org/wiki/Special:Search,,,,
https://en.wikipedia.org/wiki/Special:UrlShortener?url=https%3A%2F%2Fauth.wikimedia.org%2Fenwiki%2Fw%2Findex.php%3Ftitle%3DSpecial%3AUserLogin%26centralauthLoginToken%3D1f1bdb54b5d882fe08ced1991137f1a4%26returnto%3DSustainability%26useformat%3Ddesktop%26usesul3%3D1,,climate_science,,
https://bh.wikipedia.org/w/index.php?title=%E0%A4%B5%E0%A4%BF%E0%A4%B6%E0%A5%87%E0%A4%B7:UserLogin&returnto=%E0%A4%B5%E0%A4%BF%E0%A4%95%E0%A4%BF%E0%A4%AA%E0%A5%80%E0%A4%A1%E0%A4%BF%E0%A4%AF%E0%A4%BE%3A%E0%A4%AB%E0%A4%BE%E0%A4%87%E0%A4%B2+%E0%A4%85%E0%A4%AA%E0%A4%B2%E0%A5%8B%E0%A4%A1,,,,
https://en.wikipedia.org/enwiki/w/index.php?title=Special:CreateAccount&returnto=Climate+change&centralauthLoginToken=713fed10a69098250956101b928b84e4&usesul3=1&useformat=desktop,,,,
https://bjn.wikipedia.org/wiki/Wikipidia:Lima_tihang,,,,
https://en.wikipedia.org/enwiki/w/index.php?title=Special:CreateAccount&returnto=Greenhouse+gas&centralauthLoginToken=577423335af5d4f76b26d04b5ebb2012&usesul3=1&useformat=desktop,,,,
https://co.wikipedia.org/wiki/Wikipedia:Par_incaric%C3%A0_una_imagina,,,,
https://donate.wikimedia.org/wiki/Template:LocalPage,,,,
https://en.wikipedia.org/wiki/Special:UrlShortener?url=https%3A%2F%2Fauth.wikimedia.org%2Fenwiki%2Fw%2Findex.php%3Ftitle%3DSpecial%3ACreateAccount%26centralauthLoginToken%3D80006b66d1c7ee4ea1c5ad72b7dba87f%26returnto%3DCarbon%2Bfootprint%26useformat%3Ddesktop%26usesul3%3D1,,,,
https://ar.wikipedia.org/w/index.php?title=%D8%AE%D8%A7%D8%B5:%D8%AF%D8%AE%D9%88%D9%84_%D8%A7%D9%84%D9%85%D8%B3%D8%AA%D8%AE%D8%AF%D9%85&returnto=%D9%85%D8%B3%D8%A7%D8%B9%D8%AF%D8%A9%3A%D9%85%D8%AD%D8%AA%D9%88%D9%8A%D8%A7%D8%AA,,,,
https://frp.wikipedia.org/wiki/Sp%C3%A8ci%C3%A2l:D%C3%A8rri%C3%A9rs_changements,,,,
https://donate.wikimedia.org/wiki/Support_pages_index,,,,
https://en.wikipedia.org/wiki/Special:QrCode?url=https%3A%2F%2Fauth.wikimedia.org%2Fenwiki%2Fw%2Findex.php%3Ftitle%3DSpecial%3ACreateAccount%26centralauthLoginToken%3Deae135866b8912f3ebc1e75eacec959b%26returnto%3DMachine%2Blearning%26useformat%3Ddesktop%26usesul3%3D1,,,,
https://als.wikipedia.org/w/index.php?title=Spezial:Am%C3%A4lde&returnto=Wikipedia%3AGemeinschafts-Portal,,,,
https://as.wikipedia.org/w/index.php?title=%E0%A6%AC%E0%A6%BF%E0%A6%B6%E0%A7%87%E0%A6%B7:%E0%A6%B8%E0%A6%A6%E0%A6%B8%E0%A7%8D%E0%A6%AF%E0%A7%B0_%E0%A6%AA%E0%A7%8D%E0%A7%B0%E0%A7%B1%E0%A7%87%E0%A6%B6&returnto=%E0%A7%B1%E0%A6%BF%E0%A6%95%E0%A6%BF%E0%A6%AA%E0%A6%BF%E0%A6%A1%E0%A6%BF%E0%A6%AF%E0%A6%BC%E0%A6%BE%3A%E0%A6%AA%E0%A7%B0%E0%A6%BF%E0%A6%9A%E0%A6%AF%E0%A6%BC+%E0%A7%A9,,,,
https://en.wikipedia.org/w/index.php?title=Special:CreateAccount&returnto=Wikipedia%3AContents,,,,
https://en.wikipedia.org/wiki/Machine_learning#bodyContent,,machine_learning,,
https://www.mediawiki.org/wiki/Project:Sandbox,,,,
https://donate.wikimedia.org/wiki/Special:Interwiki,,,,
https://en.wikipedia.org/wiki/Intergovernmental_Panel_on_Climate_Change#Origins,,climate_science,,
https://en.wikipedia.org/wiki/Talk:Main_Page#Current_DYK,,,,
https://en.wikipedia.org/w/index.php?title=Special:UserLogin&returnto=Bitcoin#bodyContent,,blockchain,,
https://arz.wikipedia.org/wiki/%D9%88%D9%8A%D9%84%D9%8A%D8%A7%D9%85_%D9%81%D9%8A%D9%84%D9%8A%D8%A8%D8%B3_(%D9%83%D8%A7%D8%AA%D8%A8_%D9%85%D9%86_%D8%A7%D9%85%D8%B1%D9%8A%D9%83%D8%A7)#لينكات_برانيه,,,,
https://arc.wikipedia.org/wiki/%DC%A5%DC%98%DC%95%DC%AA%DC%A2%DC%90:%DC%9A%DC%92%DC%9D%DC%AB%DC%AC%CC%88%DC%90#ܥܘܕܪܢܐ_ܒܟܬܝܒܬܐ_ܣܘܪܝܝܬܐ,,,,
https://donate.wikimedia.org/wiki/Special:LandingCheck?landing_page=Tax_deductibility&basic=true&language=en#content,,,,
https://en.wikipedia.org/w/index.php?title=Special:CreateAccount&returnto=Distributed+ledger#bodyContent,,,,
https://en.wikipedia.org/w/index.php?title=Special:CreateAccount&returnto=Special%3AUrlShortener&returntoquery=url%3Dhttps%253A%252F%252Fauth.wikimedia.org%252Fenwiki%252Fw%252Findex.php%253Ftitle%253DSpecial%253AUserLogin%2526centralauthLoginToken%253D55b155b4f863169a188df3ff30d438bf%2526returnto%253DMachine%252Blearning%2526useformat%253Ddesktop%2526usesul3%253D1,,,,
https://af.wikipedia.org/w/index.php?title=Spesiaal:SkepRekening&returnto=Neurale+netwerk,,,,
https://ba.wikipedia.org/wiki/%D0%92%D0%B8%D0%BA%D0%B8%D0%BF%D0%B5%D0%B4%D0%B8%D1%8F:%D0%AF%D2%A1%D1%88%D1%8B_%D0%BC%D3%99%D2%A1%D3%99%D0%BB%D3%99%D0%BB%D3%99%D1%80,,,,
https://en.wikipedia.org/enwiki/w/index.php?title=Special:CreateAccount&returnto=Cryptocurrency&centralauthLoginToken=4cd8ecc60e2d40da292e6333c100e85c&usesul3=1&useformat=desktop,,blockchain,,
https://donate.wikimedia.org/w/index.php?title=Template:Appeal/default/en&action=info,,,,
"https://af.wikipedia.org/wiki/Wikipedia:Hulp#As_enige_persoon_'n_artikel_mag_wysig,_hoe_betroubaar_is_Wikipedia_dan?",,,,
https://en.wikipedia.org/w/index.php?title=Special:UserLogin&returnto=Smart+contract,,,,
https://als.wikipedia.org/wiki/Kategorie:!Hauptkategorie,,,,
https://anp.wikipedia.org/w/index.php?title=%E0%A4%B5%E0%A4%BF%E0%A4%B6%E0%A5%87%E0%A4%B7:%E0%A4%96%E0%A4%BE%E0%A4%A4%E0%A4%BE_%E0%A4%AC%E0%A4%A8%E0%A4%BE%E0%A4%8F%E0%A4%81&returnto=%E0%A4%B5%E0%A4%BF%E0%A4%95%E0%A4%BF%E0%A4%AA%E0%A5%80%E0%A4%A1%E0%A4%BF%E0%A4%AF%E0%A4%BE%3A%E0%A4%B8%E0%A4%82%E0%A4%AA%E0%A4%B0%E0%A5%8D%E0%A4%95+%E0%A4%95%E0%A4%B0%E0%A5%8C,,,,
https://ang.wikipedia.org/wiki/Help:Inno%C3%BE#Spelling,,,,
https://en.wikipedia.org/wiki/Global_warming,,climate_science,,
https://en.wikipedia.org/w/index.php?title=Special:QrCode&url=https%3A%2F%2Fen.wikipedia.org%2Fw%2Findex.php%3Ftitle%3DSpecial%3AUrlShortener%26url%3Dhttps%253A%252F%252Fauth.wikimedia.org%252Fenwiki%252Fw%252Findex.php%253Ftitle%253DSpecial%253AUserLogin%2526centralauthLoginToken%253D10e738125f1df5c9726a9c155d67bf5f%2526returnto%253DDeep%252Blearning%2526useformat%253Ddesktop%2526usesul3%253D1,,,,
https://bg.wikipedia.org/wiki/%D0%A3%D0%B8%D0%BA%D0%B8%D0%BF%D0%B5%D0%B4%D0%B8%D1%8F:%D0%9F%D1%8A%D1%80%D0%B2%D0%B8_%D1%81%D1%82%D1%8A%D0%BF%D0%BA%D0%B8,,,,
https://en.wikipedia.org/w/index.php?title=Special:UserLogin&returnto=Supervised+learning,,,,
https://foundation.wikimedia.org/wiki/Special:MyLanguage/Policy:Privacy_policy#bodyContent,,,,
https://en.wikipedia.org/w/index.php?title=Special:CreateAccount&returnto=Decentralized+finance,,blockchain,,
https://en.wikipedia.org/wiki/Special:UrlShortener?url=https%3A%2F%2Fauth.wikimedia.org%2Fenwiki%2Fw%2Findex.php%3Ftitle%3DSpecial%3ACreateAccount%26centralauthLoginToken%3D26e2c32ded042ea352288297273e7ace%26returnto%3DWikipedia%253AFile%2Bupload%2Bwizard%26useformat%3Ddesktop%26usesul3%3D1,,,,
https://en.wikipedia.org/wiki/Special:UrlShortener?url=https%3A%2F%2Fauth.wikimedia.org%2Fenwiki%2Fw%2Findex.php%3Ftitle%3DSpecial%3ACreateAccount%26centralauthLoginToken%3D4cd8ecc60e2d40da292e6333c100e85c%26returnto%3DCryptocurrency%26useformat%3Ddesktop%26usesul3%3D1,,blockchain,,
https://am.wikipedia.org/wiki/%E1%8A%A5%E1%88%AD%E1%8B%B3%E1%89%B3:%E1%8B%AD%E1%8B%9E%E1%89%B3#ኢትዮ_ፒክ_ሴራ,,,,
https://en.wikipedia.org/wiki/Special:UrlShortener?url=https%3A%2F%2Fauth.wikimedia.org%2Fenwiki%2Fw%2Findex.php%3Ftitle%3DSpecial%3AUserLogin%26centralauthLoginToken%3D1e510022320b0b5934c8eb3bfb2430a5%26returnto%3DSpecial%253ARecentChanges%26useformat%3Ddesktop%26usesul3%3D1,,,,
https://af.wikipedia.org/wiki/Spesiaal:Spesiale_bladsye,,,,
https://en.wikipedia.org/wiki/Paris_Agreement#,,,,
https://en.wikipedia.org/wiki/Bitcoin#,,blockchain,,
https://af.wikipedia.org/wiki/Wikipedia:Hulp#Hoe_kan_ek_Wikipedia_help_bekendstel?,,,,
https://ca.wikipedia.org/wiki/Xarxa_neuronal#Millores_recents,,,,
https://az.wikipedia.org/wiki/Vikipediya:Y%C3%BCkl%C9%99m%C9%99_sehrbaz%C4%B1#bodyContent,,,,
https://en.wikipedia.org/w/index.php?title=Special:CreateAccount&returnto=Help%3ASearching,,,,
https://en.wikipedia.org/wiki/Talk:Main_Page,,,,
https://en.wikipedia.org/w/index.php?title=Special:UserLogin&returnto=Proof+of+work#bodyContent,,,,
https://www.wikidata.org/wiki/Special:EntityPage/Q8016860#sitelinks-wikipedia,,,,
https://ar.wikipedia.org/w/index.php?title=%D8%AE%D8%A7%D8%B5:%D8%AF%D8%AE%D9%88%D9%84_%D8%A7%D9%84%D9%85%D8%B3%D8%AA%D8%AE%D8%AF%D9%85&returnto=%D8%A7%D9%84%D8%B4%D8%A8%D9%83%D8%A9+%D8%A7%D9%84%D8%B9%D8%B5%D8%A8%D9%8A%D8%A9,,,,
https://en.wikipedia.org/w/index.php?title=Special:CreateAccount&returnto=Andrea+Renzullo,,,,
https://en.wikipedia.org/w/index.php?title=Special:UrlShortener&url=https%3A%2F%2Fen.wikipedia.org%2Fw%2Findex.php%3Ftitle%3DSpecial%3ASearch%26fulltext%3D1%26profile%3Dimages%26search%3D,,,,
https://en.wikipedia.org/w/index.php?title=Special:CreateAccount&returnto=Sustainability#bodyContent,,climate_science,,
https://en.wikipedia.org/w/index.php?title=Special:UserLogin&returnto=Sustainability#bodyContent,,climate_science,,
https://en.wikipedia.org/wiki/Climate_change#Causes_of_recent_global_temperature_rise,,climate_science,,
https://en.wikipedia.org/w/index.php?title=Special:CreateAccount&returnto=Blockchain#bodyContent,,blockchain,,
https://en.wikipedia.org/enwiki/w/index.php?title=Special:UserLogin&returnto=Artificial+intelligence&centralauthLoginToken=4144ecabd9d6616e877ab3bee3aff5bf&usesul3=1&useformat=desktop,,,,
https://en.wikipedia.org/wiki/Carbon_footprint#Indirect_carbon_emissions_(Scope_2),,climate_science,,
https://en.wikipedia.org/w/index.php?title=Special:CreateAccount&returnto=Help%3AIntroduction,,,,
https://en.wikipedia.org/wiki/Special:UrlShortener?url=https%3A%2F%2Fauth.wikimedia.org%2Fenwiki%2Fw%2Findex.php%3Ftitle%3DSpecial%3AUserLogin%26centralauthLoginToken%3D4144ecabd9d6616e877ab3bee3aff5bf%26returnto%3DArtificial%2Bintelligence%26useformat%3Ddesktop%26usesul3%3D1#bodyContent,,,,
https://en.wikipedia.org/wiki/MediaWiki_talk:Recentchangestext,,,,
https://en.wikipedia.org/enwiki/w/index.php?title=Special:UserLogin&returnto=Wikipedia%3AFile+upload+wizard&centralauthLoginToken=cfafc0ebb64feeeac0efc24d61cdb972&usesul3=1&useformat=desktop,,,,
https://en.wikipedia.org/wiki/Supervised_learning#,,machine_learning,,
https://en.wikipedia.org/w/index.php?title=Special:CreateAccount&returnto=Wikipedia%3ACommunity+portal,,,,
https://zh-min-nan.wikipedia.org/w/index.php?title=Tek-pia%CC%8Dt:%E9%96%8B%E8%B3%AC%E6%88%B6&returnto=Wikipedia%3AChi%C5%AB%E2%81%BF-b%C4%81ng,,,,
https://www.mediawiki.org/wiki/Special:MyLanguage/Manual:FAQ,,,,
https://www.hcaptcha.com/privacy,,,,
https://en.wikipedia.org/wiki/Deep_learning#bodyContent,,machine_learning,,
https://en.wikipedia.org/wiki/Carbon_footprint#Definition,,,,
https://en.wikipedia.org/w/index.php?title=Special:UserLogin&returnto=Deep+learning#bodyContent,,,,
https://donate.wikimedia.org/w/index.php?title=User_talk:PPenloglou-WMF&action=edit&redlink=1,,,,
https://arz.wikipedia.org/wiki/%D9%88%D9%8A%D9%84%D9%8A%D8%A7%D9%85_%D9%81%D9%8A%D9%84%D9%8A%D8%A8%D8%B3_(%D9%83%D8%A7%D8%AA%D8%A8_%D9%85%D9%86_%D8%A7%D9%85%D8%B1%D9%8A%D9%83%D8%A7),,,,
https://en.wikipedia.org/wiki/Special:UrlShortener?url=https%3A%2F%2Fauth.wikimedia.org%2Fenwiki%2Fw%2Findex.php%3Ftitle%3DSpecial%3ACreateAccount%26centralauthLoginToken%3Dfa26d9cf48395f3030044c045f6b36bf%26returnto%3DMachine%2Blearning%26useformat%3Ddesktop%26usesul3%3D1,,,,
https://www.wikidata.org/w/index.php?title=Q8016860&action=history,,,,
https://bjn.wikipedia.org/wiki/Wikipidia:Bak_karangan,,,,
https://foundation.wikimedia.org/wiki/Wikimedia_talk:Babel,,,,
https://donate.wikimedia.org/?wmf_source=donate&wmf_medium=sidebar&wmf_campaign=ang.wikipedia.org&uselang=ang,,,,
https://donate.wikimedia.org/w/index.php?title=Special:UrlShortener&url=https%3A%2F%2Fdonate.wikimedia.org%2Fw%2Findex.php%3Ftitle%3DSpecial%3ALandingPage%26country%3DIN%26uselang%3Den%26wmf_campaign%3Den.wikipedia.org%26wmf_medium%3Dsidebar%26wmf_source%3Ddonate#mw-head,,,,
https://ba.wikipedia.org/wiki/%D0%92%D0%B8%D0%BA%D0%B8%D0%BF%D0%B5%D0%B4%D0%B8%D1%8F:%D0%90%D2%93%D1%8B%D0%BC%D0%B4%D0%B0%D2%93%D1%8B_%D0%B2%D0%B0%D2%A1%D0%B8%D2%93%D0%B0%D0%BB%D0%B0%D1%80,,,,
https://as.wikipedia.org/wiki/%E0%A7%B1%E0%A6%BF%E0%A6%95%E0%A6%BF%E0%A6%AA%E0%A6%BF%E0%A6%A1%E0%A6%BF%E0%A6%AF%E0%A6%BC%E0%A6%BE:%E0%A6%87%E0%A6%A4%E0%A6%BF%E0%A6%AC%E0%A7%83%E0%A6%A4%E0%A7%8D%E0%A6%A4#সম্পৰ্কীয়_ভাৰ্ছন_আৰু_ভাষাসমূহ,,,,
https://av.wikipedia.org/wiki/%D0%92%D0%B8%D0%BA%D0%B8%D0%BF%D0%B5%D0%B4%D0%B8%D1%8F:%D0%90%D0%BB%D0%B8%D0%BF%D0%B1%D0%B0%D1%8F%D0%BB%D1%8A%D1%83%D0%BB_%D0%B8%D0%B3%D0%86%D0%BB%D0%B0%D0%BD,,,,
https://bjn.wikipedia.org/wiki/Wikipidia:Kabijakan_wan_paduman,,,,
https://en.wikipedia.org/wiki/Special:QrCode?url=https%3A%2F%2Fauth.wikimedia.org%2Fenwiki%2Fw%2Findex.php%3Ftitle%3DSpecial%3ACreateAccount%26centralauthLoginToken%3Dab16fc79375fc0803178242a21f4cc8a%26returnto%3DMain%2BPage%26useformat%3Ddesktop%26usesul3%3D1,,,,
https://en.wikipedia.org/wiki/Special:SpecialPages#,,,,
https://ar.wikipedia.org/wiki/%D9%86%D9%82%D8%A7%D8%B4:%D9%88%D9%8A%D9%84%D9%8A%D8%A7%D9%85_%D9%81%D9%8A%D9%84%D9%8A%D8%A8%D8%B3_(%D9%83%D8%A7%D8%AA%D8%A8),,,,
https://donate.wikimedia.org/wiki/Special:RecentChangesLinked/Template:Infobox/Default/en,,,,
https://ca.wikipedia.org/wiki/Xarxa_neuronal#,,,,
https://en.wikipedia.org/wiki/Special:WhatLinksHere/MediaWiki:Recentchangestext,,,,
https://en.wikipedia.org/wiki/Wikipedia:File_Upload_Wizard,,,,
https://en.wikipedia.org/enwiki/w/index.php?title=Special:CreateAccount&returnto=Deep+learning&centralauthLoginToken=10e738125f1df5c9726a9c155d67bf5f&usesul3=1&useformat=desktop&campaign=loginCTA,,,,
https://ady.wikipedia.org/wiki/%D0%92%D0%B8%D0%BA%D0%B8%D0%BF%D0%B5%D0%B4%D0%B8%D0%B5:%D0%A4%D0%BE%D1%80%D1%83%D0%BC,,,,
https://wikimediafoundation.org/en/give/#ways-to-give,,,,
https://donate.wikimedia.org/?wmf_source=donate&wmf_medium=sidebar&wmf_campaign=en.wikipedia.org&uselang=en#mw-head,,,,
https://an.wikipedia.org/wiki/Wikipedia:Tabierna,,,,
https://ast.wikipedia.org/wiki/Especial:CambeosRecientes,,,,
https://en.wikipedia.org/w/index.php?title=An_Ocean_of_Doubt&action=edit,,,,
https://ca.wikipedia.org/wiki/Viquip%C3%A8dia:La_taverna,,,,
https://donate.wikimedia.org/w/index.php?title=Special:UrlShortener&url=https%3A%2F%2Fdonate.wikimedia.org%2Fw%2Findex.php%3Ftitle%3DSpecial%3ALandingPage%26country%3DIN%26uselang%3Den%26wmf_campaign%3Den.wikipedia.org%26wmf_medium%3Dsidebar%26wmf_source%3Ddonate#,,,,
https://donate.wikimedia.org/public-policy,,,,
https://en.wikipedia.org/w/index.php?title=Special:UserLogin&returnto=Climate+change#bodyContent,,,,
https://en.wikipedia.org/wiki/Talk:Main_Page#Main_Page_error_reports,,,,
https://en.wikipedia.org/w/index.php?title=Special:UserLogin&returnto=Special%3ASearch&returntoquery=fulltext%3D1%26profile%3Dall%26search%3D,,,,
https://www.mediawiki.org/wiki/Special:RecentChanges,,,,
https://as.wikipedia.org/wiki/%E0%A7%B1%E0%A6%BF%E0%A6%95%E0%A6%BF%E0%A6%AA%E0%A6%BF%E0%A6%A1%E0%A6%BF%E0%A6%AF%E0%A6%BC%E0%A6%BE:%E0%A6%AA%E0%A7%B0%E0%A6%BF%E0%A6%9A%E0%A6%AF%E0%A6%BC_%E0%A7%A9,,,,
https://af.wikipedia.org/wiki/Wikipedia:Hulp#Wie_vorm_die_redaksie_van_Wikipedia?,,,,
https://bh.wikipedia.org/wiki/%E0%A4%B5%E0%A4%BF%E0%A4%95%E0%A4%BF%E0%A4%AA%E0%A5%80%E0%A4%A1%E0%A4%BF%E0%A4%AF%E0%A4%BE:%E0%A4%9A%E0%A5%8C%E0%A4%AA%E0%A4%BE%E0%A4%B2,,,,
https://www.hcaptcha.com/pricing.html,,,,
https://ace.wikipedia.org/wiki/%C3%94n_Keue,,,,
https://en.wikipedia.org/w/index.php?title=Special:CreateAccount&returnto=Special%3AQrCode&returntoquery=url%3Dhttps%253A%252F%252Fen.wikipedia.org%252Fwiki%252FSpecial%253ASearch,,,,
https://am.wikipedia.org/wiki/%E1%8A%A5%E1%88%AD%E1%8B%B3%E1%89%B3:%E1%8B%AD%E1%8B%9E%E1%89%B3#ግዕዝ_ሀበነ,,,,
https://en.wikipedia.org/enwiki/w/index.php?title=Special:UserLogin&returnto=Machine+learning&centralauthLoginToken=55b155b4f863169a188df3ff30d438bf&usesul3=1&useformat=desktop,,,,
https://en.wikipedia.org/enwiki/w/index.php?title=Special:CreateAccount&returnto=Special%3ARecentChanges&centralauthLoginToken=1e510022320b0b5934c8eb3bfb2430a5&usesul3=1&useformat=desktop&campaign=loginCTA,,,,
https://af.wikipedia.org/wiki/Wikipedia:Geselshoekie,,,,
https://wikimediafoundation.org/en/give/#content,,,,
https://av.wikipedia.org/w/index.php?title=%D0%A5%D1%8A%D1%83%D0%BB%D1%83%D1%85%D1%8A%D0%B0%D0%BB%D1%8A%D1%83%D0%BB%D0%B0%D0%B1:%D0%A3%D1%87%D1%91%D1%82%D0%B0%D0%BB%D1%8A%D1%83%D0%BB%D0%B0%D0%B1_%D0%A5%D1%8A%D0%B2%D0%B0%D0%B9-%D1%85%D1%8A%D0%B2%D0%B0%D0%B3%D0%86%D0%B0%D0%B9_%D0%B3%D0%86%D1%83%D1%86%D0%86%D1%86%D0%86%D0%B8%D0%B7%D0%B5&returnto=%D0%92%D0%B8%D0%BA%D0%B8%D0%BF%D0%B5%D0%B4%D0%B8%D1%8F%3A%D0%93%D1%8C%D0%B0%D0%BD%D0%B6%D0%B5%D1%81%D0%B5%D0%BB+%D0%BB%D1%8A%D1%83%D0%B3%D1%8C%D0%B0-%D0%B1%D0%B0%D1%85%D1%8A%D0%B8%D0%BD%D0%B0%D0%BB,,,,
https://map-bms.wikipedia.org/wiki/Wikipedia:Kothak_Njajal,,,,
https://as.wikipedia.org/w/index.php?title=%E0%A6%AC%E0%A6%BF%E0%A6%B6%E0%A7%87%E0%A6%B7:%E0%A6%B8%E0%A6%A6%E0%A6%B8%E0%A7%8D%E0%A6%AF%E0%A7%B0_%E0%A6%AA%E0%A7%8D%E0%A7%B0%E0%A7%B1%E0%A7%87%E0%A6%B6&returnto=%E0%A7%B1%E0%A6%BF%E0%A6%95%E0%A6%BF%E0%A6%9A%27%E0%A7%B0%E0%A6%BE%3A%E0%A6%B6%E0%A7%87%E0%A6%B9%E0%A6%A4%E0%A7%80%E0%A6%AF%E0%A6%BC%E0%A6%BE+%E0%A6%98%E0%A6%9F%E0%A6%A8%E0%A6%BE%E0%A7%B1%E0%A6%B2%E0%A7%80,,,,
https://en.wikipedia.org/w/index.php?title=Special:UrlShortener&url=https%3A%2F%2Fen.wikipedia.org%2Fw%2Findex.php%3Ftitle%3DSpecial%3AQrCode%26url%3Dhttps%253A%252F%252Fauth.wikimedia.org%252Fenwiki%252Fw%252Findex.php%253Ftitle%253DSpecial%253AUserLogin%2526centralauthLoginToken%253D55b155b4f863169a188df3ff30d438bf%2526returnto%253DMachine%252Blearning%2526useformat%253Ddesktop%2526usesul3%253D1,,,,
https://donate.wikimedia.org/public-policy/,,,,
https://donate.wikimedia.org/?wmf_source=donate&wmf_medium=sidebar&wmf_campaign=ast.wikipedia.org&uselang=ast,,,,
https://en.wikipedia.org/wiki/Sustainability#Hierarchy,,climate_science,,
https://ar.wikipedia.org/wiki/%D9%88%D9%8A%D9%84%D9%8A%D8%A7%D9%85_%D9%81%D9%8A%D9%84%D9%8A%D8%A8%D8%B3_(%D9%83%D8%A7%D8%AA%D8%A8)#,,,,
https://en.wikipedia.org/w/index.php?title=Special:UrlShortener&url=https%3A%2F%2Fen.wikipedia.org%2Fw%2Findex.php%3Ftitle%3DSpecial%3ASearch%26fulltext%3D1%26profile%3Dall%26search%3D,,,,
https://donate.wikimedia.org/wiki/Workplace_giving,,,,
https://en.wikipedia.org/wiki/Decentralized_finance#bodyContent,,blockchain,,
https://frp.wikipedia.org/wiki/Vouiquip%C3%A8dia:Lo_C%C3%A2f%C3%A8_du_Vel%C3%A2jo,,,,
https://www.hcaptcha.com/incentive-abuse.html,,,,
https://ang.wikipedia.org/w/index.php?title=Syndrig:CreateAccount&returnto=Wikip%C7%A3dia%3AGeong+gelimp,,,,
https://arz.wikipedia.org/wiki/%D9%88%D9%8A%D9%83%D9%8A%D8%A8%D9%8A%D8%AF%D9%8A%D8%A7:%D8%A7%D8%AD%D8%AF%D8%A7%D8%AB_%D8%AF%D9%84%D9%88%D9%82%D8%AA%D9%89,,,,
https://en.wikipedia.org/wiki/Bitcoin#2020–present,,blockchain,,
https://wikimediafoundation.org/jobs/,,,,
https://donate.wikimedia.org/wiki/Category:Redirects_to_wikimediafoundation.org,,,,
https://en.wikipedia.org/enwiki/w/index.php?title=Special:CreateAccount&returnto=Intergovernmental+Panel+on+Climate+Change&centralauthLoginToken=45e119d37deef43b1765bf5718ee9cbe&usesul3=1&useformat=desktop&campaign=loginCTA,,,,
https://en.wikipedia.org/wiki/Special:UrlShortener?url=https%3A%2F%2Fauth.wikimedia.org%2Fenwiki%2Fw%2Findex.php%3Ftitle%3DSpecial%3AUserLogin%26centralauthLoginToken%3D4e99d3fcf08b7607ae854a429ebdf0e3%26returnto%3DBitcoin%26useformat%3Ddesktop%26usesul3%3D1,,blockchain,,
https://en.wikipedia.org/wiki/Ethereum#Transition_to_proof-of-stake,,blockchain,,
https://frp.wikipedia.org/wiki/Vouiquip%C3%A8dia:Contacte,,,,
https://ady.wikipedia.org/wiki/%D0%92%D0%B8%D0%BA%D0%B8%D0%BF%D0%B5%D0%B4%D0%B8%D0%B5:%D0%94%D0%B6%D1%8B%D1%80_%D1%85%D1%8A%D1%83%D0%B3%D1%8A%D1%8D-%D1%88%D3%80%D0%B0%D0%B3%D1%8A%D1%8D%D1%85%D1%8D%D1%80,,,,
https://en.wikipedia.org/w/index.php?title=Special:UrlShortener&url=https%3A%2F%2Fen.wikipedia.org%2Fw%2Findex.php%3Ftitle%3DSpecial%3AQrCode%26url%3Dhttps%253A%252F%252Fauth.wikimedia.org%252Fenwiki%252Fw%252Findex.php%253Ftitle%253DSpecial%253ACreateAccount%2526centralauthLoginToken%253D63da01131642c31a78092157d9bf8ce4%2526returnto%253DArtificial%252Bintelligence%2526useformat%253Ddesktop%2526usesul3%253D1,,,,
https://be.wikipedia.org/wiki/%D0%92%D1%96%D0%BA%D1%96%D0%BF%D0%B5%D0%B4%D1%8B%D1%8F:%D0%9F%D0%B0%D0%B2%D0%B5%D0%B4%D0%B0%D0%BC%D0%BB%D0%B5%D0%BD%D0%BD%D1%96_%D0%BF%D1%80%D0%B0_%D0%BF%D0%B0%D0%BC%D1%8B%D0%BB%D0%BA%D1%96,,,,
https://en.wikipedia.org/wiki/Special:QrCode?url=https%3A%2F%2Fauth.wikimedia.org%2Fenwiki%2Fw%2Findex.php%3Ftitle%3DSpecial%3AUserLogin%26centralauthLoginToken%3D5a23abfb09ef2775adeb18867570ee37%26returnto%3DCryptocurrency%26useformat%3Ddesktop%26usesul3%3D1,,blockchain,,
https://en.wikipedia.org/enwiki/w/index.php?title=Special:CreateAccount&returnto=Wikipedia%3AAbout&centralauthLoginToken=94851983c873752c3ccd5af79b2b356d&usesul3=1&useformat=desktop,,,,
https://en.wikipedia.org/wiki/Smart_contract#See_also,,blockchain,,
https://en.wikipedia.org/w/index.php?title=Special:CreateAccount&returnto=Ethereum,,blockchain,,
https://en.wikipedia.org/wiki/Special:Random#Celebrations_in_the_Commonwealth,,,,
https://bar.wikipedia.org/wiki/Huif:Hilfe,,,,
https://en.wikipedia.org/w/index.php?title=Main_Page&action=edit#bodyContent,,,,
https://en.wikipedia.org/enwiki/w/index.php?title=Special:UserLogin&returnto=Machine+learning&centralauthLoginToken=eae135866b8912f3ebc1e75eacec959b&usesul3=1&useformat=desktop,,,,
https://bn.wikipedia.org/wiki/%E0%A6%89%E0%A6%87%E0%A6%95%E0%A6%BF%E0%A6%AA%E0%A6%BF%E0%A6%A1%E0%A6%BF%E0%A6%AF%E0%A6%BC%E0%A6%BE:%E0%A6%86%E0%A6%AA%E0%A6%B2%E0%A7%8B%E0%A6%A1,,,,
https://en.wikipedia.org/wiki/Deep_learning#Before_1980,,machine_learning,,
https://donate.wikimedia.org/w/index.php?title=Special:UserLogin&returnto=Special%3ALandingPage&returntoquery=country%3DIN%26uselang%3Den%26wmf_campaign%3Den.wikipedia.org%26wmf_medium%3Dsidebar%26wmf_source%3Ddonate&uselang=eo,,,,
https://an.wikipedia.org/w/index.php?title=Especial:Encetar_sesi%C3%B3n&returnto=Wikipedia%3AComunidat,,,,
https://bh.wikipedia.org/w/index.php?title=%E0%A4%B5%E0%A4%BF%E0%A4%95%E0%A4%BF%E0%A4%AA%E0%A5%80%E0%A4%A1%E0%A4%BF%E0%A4%AF%E0%A4%BE:%E0%A4%85%E0%A4%AD%E0%A5%8D%E0%A4%AF%E0%A4%BE%E0%A4%B8_%E0%A4%AA%E0%A4%A8%E0%A5%8D%E0%A4%A8%E0%A4%BE&action=edit&preload=%E0%A4%B5%E0%A4%BF%E0%A4%95%E0%A4%BF%E0%A4%AA%E0%A5%80%E0%A4%A1%E0%A4%BF%E0%A4%AF%E0%A4%BE%3A%E0%A4%85%E0%A4%AD%E0%A5%8D%E0%A4%AF%E0%A4%BE%E0%A4%B8+%E0%A4%AA%E0%A4%A8%E0%A5%8D%E0%A4%A8%E0%A4%BE%2FPreload&editintro=%E0%A4%B5%E0%A4%BF%E0%A4%95%E0%A4%BF%E0%A4%AA%E0%A5%80%E0%A4%A1%E0%A4%BF%E0%A4%AF%E0%A4%BE%3A%E0%A4%85%E0%A4%AD%E0%A5%8D%E0%A4%AF%E0%A4%BE%E0%A4%B8+%E0%A4%AA%E0%A4%A8%E0%A5%8D%E0%A4%A8%E0%A4%BE%2FEditintro,,,,
https://arz.wikipedia.org/wiki/%D9%85%D8%B3%D8%A7%D8%B9%D8%AF%D8%A9:%D9%85%D8%AD%D8%AA%D9%88%D9%8A%D8%A7%D8%AA,,,,
https://ast.wikipedia.org/wiki/Especial:Aleatoria,,,,
https://en.wikipedia.org/enwiki/w/index.php?title=Special:CreateAccount&returnto=Intergovernmental+Panel+on+Climate+Change&centralauthLoginToken=45e119d37deef43b1765bf5718ee9cbe&usesul3=1&useformat=desktop,,,,
https://www.hcaptcha.com/pro.html,,,,
https://af.wikipedia.org/wiki/Wikipedia:About,,,,
https://map-bms.wikipedia.org/wiki/Mirunggan:Gol%C3%A8k,,,,
https://donate.wikimedia.org/wiki/Special:PasswordReset,,,,
https://bcl.wikipedia.org/wiki/Wikipedia:Manungod,,,,
https://en.wikipedia.org/wiki/Special:UrlShortener?url=https%3A%2F%2Fauth.wikimedia.org%2Fenwiki%2Fw%2Findex.php%3Ftitle%3DSpecial%3ACreateAccount%26centralauthLoginToken%3D6f5cc38be6275cd4214ce9fa344ae075%26returnto%3DWilliam%2BPhillips%2B%2528editor%2529%26useformat%3Ddesktop%26usesul3%3D1,,,,
https://ca.wikipedia.org/wiki/Viquip%C3%A8dia:Actualitat,,,,
https://donate.wikimedia.org/?wmf_source=donate&wmf_medium=sidebar&wmf_campaign=ar.wikipedia.org&uselang=ar,,,,
https://donate.wikimedia.org/w/index.php?title=Special:UrlShortener&url=https%3A%2F%2Fdonate.wikimedia.org%2Fw%2Findex.php%3Ftitle%3DSpecial%3ALandingPage%26country%3DIN%26uselang%3Den%26wmf_campaign%3Den.wikipedia.org%26wmf_medium%3Dsidebar%26wmf_source%3Ddonate,,,,
https://en.wikipedia.org/w/index.php?title=Special:UserLogin&returnto=Paris+Agreement,,,,
https://en.wikipedia.org/w/index.php?title=Special:UrlShortener&url=https%3A%2F%2Fen.wikipedia.org%2Fw%2Findex.php%3Ftitle%3DSpecial%3ASearch%26fulltext%3D1%26profile%3Ddefault%26search%3D,,,,
https://www.mediawiki.org/wiki/Special:MyLanguage/Help:Logging_in#bodyContent,,,,
https://en.wikipedia.org/wiki/Special:QrCode?url=https%3A%2F%2Fauth.wikimedia.org%2Fenwiki%2Fw%2Findex.php%3Ftitle%3DSpecial%3AUserLogin%26centralauthLoginToken%3D7ba6405c1427c8c47f74caaa701fc215%26returnto%3DRenewable%2Benergy%26useformat%3Ddesktop%26usesul3%3D1,,,,
https://en.wikipedia.org/enwiki/w/index.php?title=Special:CreateAccount&returnto=Artificial+intelligence&centralauthLoginToken=4144ecabd9d6616e877ab3bee3aff5bf&usesul3=1&useformat=desktop&campaign=loginCTA,,,,
https://bs.wikipedia.org/wiki/Wikipedia:Vodi%C4%8D_za_slanje_slika#bodyContent,,,,
https://en.wikipedia.org/enwiki/w/index.php?title=Special:CreateAccount&returnto=Main+Page&centralauthLoginToken=e42131af733c61efeec48f9fc49bd9d1&usesul3=1&useformat=desktop&campaign=loginCTA,,,,
